datetime,HR_mean,HR_std,EDA_mean,EDA_std,TEMP_mean,TEMP_std,acc_mag_mean,acc_mag_std,day,time_sec,label
2020-11-08 15:50:00,-0.5592621565962149,0.1928592854301714,2.0509455310304565,0.5973312820460721,0.35286698962402857,0.11194882078924095,1.7828937092884334,0.8892243511325364,2020-11-08,0.0,2.0
2020-11-08 15:51:00,-0.5267577730188504,0.3121482093477771,0.3051697027790518,0.5854634012143435,0.46459770804624667,0.039859698250130575,2.1267712367957774,1.0993158912084966,2020-11-08,0.023809523809523808,2.0
2020-11-08 15:52:00,0.014608911377932333,0.10966047286096456,1.1666954343464844,1.1954193607950945,0.31846261294992284,0.04262228728157847,2.199336225121017,0.9386761910204183,2020-11-08,0.047619047619047616,2.0
2020-11-08 15:53:00,-0.5465953118866478,0.22196797704947668,1.6450349457620985,0.7662974554884977,0.41432723533311105,0.05788017420468458,2.1466842624929714,1.077912997147603,2020-11-08,0.07142857142857142,2.0
2020-11-08 15:54:00,-0.405361651338941,0.4057433221725033,1.5698513727242935,0.7802699154103343,0.5130310538495989,0.039338182588346315,1.8747013760985125,1.113199401613427,2020-11-08,0.09523809523809523,2.0
2020-11-08 15:55:00,0.3149822433193308,0.17056922193847196,0.8358217004603835,0.3821053843112046,0.35570618575732876,0.06555607003802746,1.6859679601571567,0.5306988096838766,2020-11-08,0.11904761904761904,2.0
2020-11-08 15:56:00,-0.6632082075211251,0.28648968538591174,0.5794352841362869,0.45893831584341854,0.24514454809588188,0.03166607620846752,1.4299391312564302,0.8691058391913091,2020-11-08,0.14285714285714285,2.0
2020-11-08 15:57:00,-0.8439511494077043,0.0923026567371323,1.2929910881963886,0.7284757526982701,0.6549908605145991,0.2063958850088821,1.1594373115564973,0.031717674027741075,2020-11-08,0.16666666666666666,2.0
2020-11-08 15:58:00,-1.1884926414358656,0.3000609757154243,2.7941624879265063,0.6370875954271077,1.3360639094320925,0.15065318291935387,1.1342112033715255,0.3162456272774319,2020-11-08,0.19047619047619047,2.0
2020-11-08 15:59:00,-1.27159808529281,0.21065309524235082,2.541700410388891,0.4689947890131857,1.6734272146830342,0.1332042723860458,1.28135897976625,0.4555632264335433,2020-11-08,0.21428571428571427,2.0
2020-11-08 16:00:00,-0.9441584915865314,0.07458760503357176,2.613914830641835,0.5161033275513534,1.6264969727149574,0.2799248459859196,1.2850612829263777,0.29798991034885536,2020-11-08,0.23809523809523808,2.0
2020-11-08 16:01:00,-0.529659209961487,0.11015000476655884,1.5941550504182387,0.26179830452735664,2.207029076206181,0.12183799975130463,1.4461210705773406,0.5481350170066484,2020-11-08,0.2619047619047619,2.0
2020-11-08 16:02:00,-0.44642941880700104,0.03337174183325158,3.134444331846334,1.0186869802695278,2.1631050419086577,0.10760355195943151,2.2386428196349626,0.9831687681434668,2020-11-08,0.2857142857142857,2.0
2020-11-08 16:03:00,-0.039822045665927695,0.32761431471493135,4.161491369130383,0.5949981510684499,1.8092075944696748,0.11460463243652039,2.450510438446597,0.7879082901396989,2020-11-08,0.30952380952380953,2.0
2020-11-08 16:04:00,0.7722569952986729,0.22403892067815853,3.8830808680898246,0.9324637841214567,1.5328035003160574,0.15572639931402413,1.9623957684169087,0.9037167954199006,2020-11-08,0.3333333333333333,2.0
2020-11-08 16:05:00,-0.2793149407309771,0.15885960672712898,5.0916837758970095,0.6443148027874259,0.6229246453620345,0.21964244834681115,1.9381714211516263,0.3528943263804929,2020-11-08,0.35714285714285715,2.0
2020-11-08 16:06:00,-0.5936317496367027,0.3310315057183964,4.847230018723318,0.8625975567612806,0.12940555277959345,0.07731599222632046,2.2745322287419136,1.0165714696504415,2020-11-08,0.38095238095238093,2.0
2020-11-08 16:07:00,-0.08482747755613719,0.31203125043430474,3.7638373893912966,0.7707196949172449,0.24447650194686918,0.051776016152483374,1.4847712780113693,0.8600167117169064,2020-11-08,0.40476190476190477,2.0
2020-11-08 16:08:00,0.07105429464196565,0.0937717120119194,2.658475500830049,0.4654740878107294,0.30794088610298814,0.0166209277864539,1.3428614910455718,0.5225544917703723,2020-11-08,0.42857142857142855,2.0
2020-11-08 16:09:00,0.32410933495888156,0.5048726765641641,2.1079680062551382,0.4808825965225476,0.2603425979858995,0.0911673742322502,1.7001872915879443,0.7202560714662347,2020-11-08,0.4523809523809524,2.0
2020-11-08 16:10:00,1.6011809501702372,0.20427937698593251,4.508697004401976,0.9692252686489552,0.31261720914606994,0.036922944683578394,1.9533942045601578,0.8617435022581786,2020-11-08,0.47619047619047616,2.0
2020-11-08 16:11:00,0.9533895587175489,0.08699074974644835,2.092062126177146,1.05103121858994,0.32029973985970517,0.029531911611791747,1.8011684923270233,0.7948933522202938,2020-11-08,0.5,2.0
2020-11-08 16:12:00,0.41509839747996097,0.29338214687353387,1.5933174147751834,0.3582892150578135,0.33533077821246937,0.028434221587205263,1.4058576299430006,0.33404734306602024,2020-11-08,0.5238095238095238,2.0
2020-11-08 16:13:00,-1.3404864881308356,0.4843674807295687,1.7778241566514166,0.2904785754092716,0.4046405661724393,0.04270078625031749,1.273504164838665,0.39500879085160356,2020-11-08,0.5476190476190477,2.0
2020-11-08 16:14:00,-1.0806586650078225,0.3663550815978623,1.1922562425950776,0.16017708434109748,0.5666417573077943,0.035483372830240154,1.1087260687294638,0.1739777858358648,2020-11-08,0.5714285714285714,2.0
2020-11-08 16:15:00,-0.08936200900648616,0.21251393271864222,1.4217472873437385,0.7587599510415918,0.7369935253057923,0.10239752166428313,2.240889278031261,0.5643380756698543,2020-11-08,0.5952380952380952,2.0
2020-11-08 16:16:00,0.4347038213923472,0.06720299424132478,2.3150514323814373,0.6264401324135205,1.1152746571837047,0.12461578686088237,1.289252974060125,0.4048853299942127,2020-11-08,0.6190476190476191,2.0
2020-11-08 16:17:00,-0.5339284671770805,0.41565677902171805,1.7741854370241645,0.7192405635962247,1.294645048193364,0.06524371158826225,1.409194393061383,0.34979202721659625,2020-11-08,0.6428571428571429,2.0
2020-11-08 16:18:00,-1.0533602882875317,0.02057263171724207,1.0358942351212341,0.29839782795108816,1.2189888218177813,0.03432727165629384,1.9771679727027416,0.8589775664590075,2020-11-08,0.6666666666666666,2.0
2020-11-08 16:19:00,-0.5078238245131885,0.2804762730720629,0.9016048559599258,0.19556932404857835,1.1413284569951634,0.027963138651675094,1.6370605290408227,0.8019959082515504,2020-11-08,0.6904761904761905,2.0
2020-11-08 16:20:00,-0.4043834525982807,0.15402105702587435,1.0795329155290858,0.14646661888690884,1.0093893425653406,0.0456946705118796,1.294588469240567,0.5354065039505396,2020-11-08,0.7142857142857143,2.0
2020-11-08 16:21:00,-0.36656529450597347,0.33705590587298695,0.9021833165724146,0.15652333902375418,0.8704357435708927,0.037567333584188456,1.2292435628314708,0.09423832921801943,2020-11-08,0.7380952380952381,2.0
2020-11-08 16:22:00,0.9663879962205603,0.2366611044350335,0.38818190400066205,0.20136428477957755,0.7667215789368172,0.0229443888553105,1.208453921444294,0.33673687988284384,2020-11-08,0.7619047619047619,2.0
2020-11-08 16:23:00,1.2732356774539562,0.09091533833556618,0.3670012666169829,0.13921659875753406,0.6680177604203267,0.02297538371314109,1.639459236542236,0.720310277627641,2020-11-08,0.7857142857142857,2.0
2020-11-08 16:24:00,0.8892180633662666,0.03956101240753569,0.31796495586464235,0.3857247707989536,0.5198785268769696,0.08581427674753722,1.1338530209720121,0.3808142787624959,2020-11-08,0.8095238095238095,2.0
2020-11-08 16:25:00,0.4109451977420726,0.19784364111537361,0.3710735119666262,0.23051163993140913,0.2483177673036871,0.0603473495058711,1.109018851272612,0.28004470024617695,2020-11-08,0.8333333333333334,2.0
2020-11-08 16:26:00,1.030816475986762,0.1675429473770973,0.8058698314816588,0.4914327656687758,0.11854980285815217,0.024842944682994188,1.507650285834388,0.6116126390421454,2020-11-08,0.8571428571428571,2.0
2020-11-08 16:27:00,0.5357898844738015,0.43850320415524896,1.9732075981050416,1.0149488872564698,0.04422966878059331,0.03639347010744269,1.6529317474107152,0.7651918130705534,2020-11-08,0.8809523809523809,2.0
2020-11-08 16:28:00,-0.6543215206568215,0.0962886405308085,2.354015727482927,0.49276996537643053,0.067611283996006,0.01565333423129146,1.5712138684708228,0.5348291211299614,2020-11-08,0.9047619047619048,2.0
2020-11-08 16:29:00,-0.79665772724273,0.052099474483472186,2.5111380506759753,0.5948880450948008,0.11003221445825268,0.019527584562346084,1.5726093813862814,0.31949271246319916,2020-11-08,0.9285714285714286,2.0
2020-11-08 16:30:00,-0.6701799460032887,0.13899995268254617,2.5524268523959495,0.4310513692444448,-0.048795757469295084,0.06884026131630051,1.4886021052164695,0.6344626314142068,2020-11-08,0.9523809523809523,2.0
2020-11-08 16:31:00,-0.13537050909686424,0.13418788839148252,1.8644930956192396,0.4630222437443044,-0.11777152235475928,0.019424414917071465,1.3907554973454739,0.405817995780515,2020-11-08,0.9761904761904762,2.0
2020-11-08 16:32:00,-0.24038594678063188,0.2887789323879738,0.9466893305459094,0.21700931805085727,-0.13013037611147665,0.01613097926336286,1.509043489949776,0.8086056343375316,2020-11-08,1.0,2.0
2020-11-11 14:16:00,-0.01636185552975285,0.16561518464526195,-0.4350248557217216,0.03702291670367393,0.9036710394842288,0.045044187040551915,2.4700488596852845,0.7071268814765993,2020-11-11,0.0,2.0
2020-11-11 14:17:00,-0.05617786020256117,0.10214196814280178,-0.4363981260306327,0.03118932973210729,1.0599938383529819,0.07570672266240357,1.408534738934619,0.341117110935619,2020-11-11,0.004310344827586207,2.0
2020-11-11 14:18:00,-0.8327018638901109,0.2710027419688343,-0.4429042844684848,0.0648856013867224,0.9497662237660399,0.10508492788545354,2.6091805257617917,0.9601886455660638,2020-11-11,0.008620689655172414,2.0
2020-11-11 14:19:00,-0.6272635487117774,0.311143169324553,-0.5773384856715464,0.10422719191215488,0.7956145748815757,0.034503641741679324,1.7825507847276232,0.8901674121901642,2020-11-11,0.01293103448275862,2.0
2020-11-11 14:20:00,0.2756138889176721,0.29374466844131947,-0.5488084117897489,0.07418094240086104,0.8074723940265345,0.02026812179949572,1.7063853379645364,0.5171096103847598,2020-11-11,0.017241379310344827,2.0
2020-11-11 14:21:00,0.2069741806747296,0.30866956746223434,-0.40521767712834866,0.06554265115003263,0.8400396437908583,0.017769977570178216,2.3272177072114166,0.42495463984824466,2020-11-11,0.021551724137931036,2.0
2020-11-11 14:22:00,0.5391638411470958,0.376732415604738,-0.39953057197286956,0.04860224432725036,0.828682859257658,0.016479283940308308,1.7010185196407408,0.583158173901458,2020-11-11,0.02586206896551724,2.0
2020-11-11 14:23:00,0.3492606483416215,0.3133458245826977,-0.50984432357689,0.10298009293828228,0.8518974629358159,0.021160012851681346,1.681714451318416,0.32062448153157763,2020-11-11,0.03017241379310345,2.0
2020-11-11 14:24:00,-0.3618649666589024,0.1290368648074813,-0.5147597717545699,0.04735304028824169,0.8395386091790995,0.017597169793040022,1.6433433867119087,0.547259529450253,2020-11-11,0.034482758620689655,2.0
2020-11-11 14:25:00,-0.12616051925895258,0.3367830450286264,-0.4896274862851076,0.03562660653725043,0.8029630825207055,0.014650451402282409,1.7576450793209082,0.5738601080871094,2020-11-11,0.03879310344827586,2.0
2020-11-11 14:26:00,1.899680782828676,0.5761427088884251,-0.43649478063746006,0.032036045095662394,0.7563668636271359,0.012189296013291127,1.5877933521307195,0.25352465309990563,2020-11-11,0.04310344827586207,2.0
2020-11-11 14:27:00,1.9028226245465594,0.23735155520809895,-0.4581093575207926,0.03630800007366826,0.7555318059408697,0.031616684755187724,2.1291613254688757,0.3972896140404797,2020-11-11,0.04741379310344827,2.0
2020-11-11 14:28:00,2.0133425026015,0.18160604151219115,-0.49194061402888273,0.04782100976513081,0.5307342767984106,0.117011417667978,1.6448611510920317,0.5761585015090434,2020-11-11,0.05172413793103448,2.0
2020-11-11 14:29:00,0.9748353226335504,0.3735929102612337,-0.5083261559939961,0.05008189929658487,0.16664912558699865,0.08291906448439404,2.0397829860684498,0.8173131773330125,2020-11-11,0.05603448275862069,2.0
2020-11-11 14:30:00,0.7591590799576283,0.1067941968847065,-0.5088323184339525,0.054946520857011336,-0.052804034363365414,0.11472912025516245,1.9772040030777478,0.6436341909186496,2020-11-11,0.0603448275862069,2.0
2020-11-11 14:31:00,0.8090140564519588,0.3018948841804712,-0.48702480849811275,0.05847594506925489,-0.36194238981855953,0.0666371672284292,1.810107704222448,0.5704215787248158,2020-11-11,0.06465517241379311,2.0
2020-11-11 14:32:00,2.776752011308333,0.6252055599318933,-0.33309673292053554,0.06381821528868876,-0.682270518269701,0.08110002073153191,2.13718286518668,0.8466089658452225,2020-11-11,0.06896551724137931,2.0
2020-11-11 14:33:00,3.4583824473319984,0.273474675347685,-0.2650966528906685,0.09978462881668851,-0.9120783935297477,0.10277130896832619,1.1913556670379037,0.4428199454493735,2020-11-11,0.07327586206896551,2.0
2020-11-11 14:34:00,2.753184053514289,0.07409045658117328,-0.23030137059399322,0.05675043279730415,-1.3620074748891713,0.12701238166734213,1.150982422454417,0.24641534508993584,2020-11-11,0.07758620689655173,2.0
2020-11-11 14:35:00,2.0641259389174746,0.7534975652038906,-0.2740606106495901,0.04883837638271956,-1.5273488967695836,0.043792644926603466,1.2369635938601997,0.28293523452473385,2020-11-11,0.08189655172413793,2.0
2020-11-11 14:36:00,-0.7549930927464705,0.46665008484992376,-0.3321088773232619,0.04191512208475218,-1.3529888518775122,0.03343772749200335,1.617754311243687,0.7913863756654818,2020-11-11,0.08620689655172414,2.0
2020-11-11 14:37:00,-0.08523367872810626,0.5205453066563952,-0.4034343723607021,0.04723350806399795,-1.284514121603806,0.03949147387284776,1.9201683160252985,0.7689912388986389,2020-11-11,0.09051724137931035,2.0
2020-11-11 14:38:00,1.139139551785135,0.18521080168708787,-0.415675483651984,0.049580958467246077,-1.1559152379190423,0.045854708506795586,1.2548417149412685,0.4364626136494628,2020-11-11,0.09482758620689655,2.0
2020-11-11 14:39:00,0.0166979459766306,0.5469523375533825,-0.414349929384622,0.026980642471737214,-1.1352058072996765,0.01644962128991814,1.5188626091071848,0.5721613761549967,2020-11-11,0.09913793103448276,2.0
2020-11-11 14:40:00,-0.7387699153272146,0.06900279031191198,-0.3373620617871449,0.047584862235609135,-1.077085792335654,0.03591644656783788,1.4748594343293868,0.6186675527902515,2020-11-11,0.10344827586206896,2.0
2020-11-11 14:41:00,-0.8833443732688713,0.1596452500005744,-0.33618117909707723,0.040281182680516704,-0.9952501390817123,0.0321354167623123,1.6033465237511322,0.7739601190237657,2020-11-11,0.10775862068965517,2.0
2020-11-11 14:42:00,-0.8373856120975098,0.21399944387079325,-0.3738922557198524,0.04367503841283846,-0.8659832092479358,0.043792644926603654,1.5876681407342126,0.6110874847021599,2020-11-11,0.11206896551724138,2.0
2020-11-11 14:43:00,-0.3706273062256645,0.04253868799904156,-0.422012820966878,0.06070841166015387,-0.8512861939696774,0.03341769090127471,2.181574291525758,0.8087488492698592,2020-11-11,0.11637931034482758,2.0
2020-11-11 14:44:00,-0.13661398207227993,0.06622716548649105,-0.38008486503328,0.08409492896343207,-0.9638519700781595,0.062050100491459884,1.794528059920182,0.8996977893323846,2020-11-11,0.1206896551724138,2.0
2020-11-11 14:45:00,-0.7494223338166085,0.1994112097382819,-0.40345859713859533,0.07630235055088351,-1.2641387140589473,0.057749844814341394,1.9714527914495668,0.6582260572194574,2020-11-11,0.125,2.0
2020-11-11 14:46:00,-0.5601408774988419,0.22686873818144215,-0.3894583682414454,0.0768615471227854,-1.265808829431477,0.03275471950998525,1.3197910812893936,0.5758713468721065,2020-11-11,0.12931034482758622,2.0
2020-11-11 14:47:00,-0.3741836389353532,0.12090738166267671,-0.25695212457526734,0.03458568133926552,-1.0122853158815126,0.13967879957763402,1.2346391083286343,0.33454798915670697,2020-11-11,0.1336206896551724,2.0
2020-11-11 14:48:00,-0.37014649667517047,0.10078980540891247,-0.31738604286193517,0.05587875738518428,-0.3911694088378246,0.20534667022362002,1.199929501588126,0.3339386937524184,2020-11-11,0.13793103448275862,2.0
2020-11-11 14:49:00,0.13520921035357575,0.1538163544799621,-0.302470312964216,0.05586749088454436,0.33265859361642275,0.134776363362855,1.5852324532842617,0.683990895755457,2020-11-11,0.14224137931034483,2.0
2020-11-11 14:50:00,-0.0020204672132925947,0.2718154075748306,-0.32854253110077186,0.028753156697169373,0.5886872802251809,0.07292866468998148,1.4067427786741455,0.4933798086670595,2020-11-11,0.14655172413793102,2.0
2020-11-11 14:51:00,-0.4077408296319029,0.12824024939860013,-0.32025348167253526,0.025179797885785504,0.8732749397041928,0.10571879040956438,1.159941073287654,0.3467562830991777,2020-11-11,0.15086206896551724,2.0
2020-11-11 14:52:00,-0.06020671264290777,0.08272901368415644,-0.3856271481470059,0.056096421591171175,1.0609959075764996,0.021494993065467084,2.6301350603646707,0.9373399714318932,2020-11-11,0.15517241379310345,2.0
2020-11-11 14:53:00,-0.0052120478501928025,0.10544023568552865,-0.41639816444839023,0.033534441029810416,1.0090553194908343,0.03433824513365756,2.8963386368622803,0.7701483606921513,2020-11-11,0.15948275862068967,2.0
2020-11-11 14:54:00,-0.2380482175868505,0.33642992895831714,-0.36921751306040085,0.03855904521054813,1.1433325954421982,0.076630573646323,1.9436210683765267,0.6689209531576074,2020-11-11,0.16379310344827586,2.0
2020-11-11 14:55:00,2.4646485842988475,1.0337580471917949,-0.3953862541473824,0.06312964669017779,1.3323896556125283,0.02704589736966358,2.6175670044853363,0.9886738017495099,2020-11-11,0.16810344827586207,2.0
2020-11-11 14:56:00,2.791798034310862,0.11388390703407807,-0.33972346981419027,0.036843226696506914,1.3211998826165818,0.018917831597556486,1.8780449415114735,0.8621683311004553,2020-11-11,0.1724137931034483,2.0
2020-11-11 14:57:00,3.132153167321791,0.0677666156869728,-0.32931379310936626,0.058164871305230695,1.112268449513152,0.10519362252539302,1.5281374734565547,0.6640018643200996,2020-11-11,0.17672413793103448,2.0
2020-11-11 14:58:00,2.398653328583622,0.4212172007669135,-0.2229761964898829,0.04079147827238718,0.7740700865759457,0.09804864736634926,1.0898546858382372,0.21553522485439344,2020-11-11,0.1810344827586207,2.0
2020-11-11 14:59:00,1.0285616449913415,0.4488726795961184,-0.2577955530999925,0.060094704299790795,0.36305469339645774,0.08158360307884524,2.041295440134187,0.8214604028317468,2020-11-11,0.1853448275862069,2.0
2020-11-11 15:00:00,0.07633490987756392,0.07458063015872801,-0.371868019737289,0.0567981473495756,0.27637570556218244,0.02862448133092522,1.7369813122586153,0.869018191599915,2020-11-11,0.1896551724137931,2.0
2020-11-11 15:01:00,-0.37430798623289474,0.2793308203266541,-0.4180849838817259,0.02880347831953427,0.30009134385209985,0.018569429028761263,1.655812467386749,0.42869918658435746,2020-11-11,0.1939655172413793,2.0
2020-11-11 15:02:00,-0.613626795081386,0.13766734414449006,-0.36512093008452007,0.03577344302033307,0.34384836661236967,0.02166826959055372,1.4008606889846793,0.4127502382425079,2020-11-11,0.19827586206896552,2.0
2020-11-11 15:03:00,-0.8870084736364293,0.12304085104298217,-0.1744698967942446,0.08452471228797803,0.42551700832905703,0.034597338157876814,1.7403646472954954,0.5467690696070302,2020-11-11,0.2025862068965517,2.0
2020-11-11 15:04:00,-0.5192389064275039,0.4830613946676062,-0.09659024515654263,0.04486049464228686,0.4919876001557291,0.018161426891528595,1.5750308942113926,0.7792738470610414,2020-11-11,0.20689655172413793,2.0
2020-11-11 15:05:00,0.5496173039604232,0.2681090497898464,0.04620536007146001,0.06756794454383683,0.4580842580933812,0.037225922312135375,1.2329637069433714,0.8725111556890021,2020-11-11,0.21120689655172414,2.0
2020-11-11 15:06:00,-0.39303468924265406,0.20787811055839733,-0.04338518491219053,0.04321037695099425,0.44772954278369903,0.034449002829794524,2.0257918648929527,0.5513848977685777,2020-11-11,0.21551724137931033,2.0
2020-11-11 15:07:00,-0.940303725362743,0.08916041738281992,0.029602923588749438,0.07575927849250803,0.5763284264684644,0.025567609827602367,1.0783778237076518,0.583051268711065,2020-11-11,0.21982758620689655,2.0
2020-11-11 15:08:00,-0.2663247930478019,0.3230217189064569,-0.12222856140955977,0.022554818743855457,0.7266388099961105,0.04531597166758379,1.211232519966147,0.36162859957517873,2020-11-11,0.22413793103448276,2.0
2020-11-11 15:09:00,-0.3262021617239822,0.2041057880684247,-0.18740985907324426,0.05553710009148562,0.8268457323478758,0.035305178199935804,1.3672263246435497,0.19655777471005528,2020-11-11,0.22844827586206898,2.0
2020-11-11 15:10:00,-0.9312926912008977,0.13815275558642648,-0.2623495856472399,0.011222081477879599,0.9240464470290869,0.020647355021452613,1.3381988122371782,0.4237593212433519,2020-11-11,0.23275862068965517,2.0
2020-11-11 15:11:00,-0.006579868123149942,0.3071811556974216,-0.2740603661448443,0.04423020667487026,1.066340276768593,0.06754893077004036,1.666004750326617,0.7022790683019494,2020-11-11,0.23706896551724138,2.0
2020-11-11 15:12:00,-0.5019131829700462,0.3004771003538492,-0.2213375632995306,0.06349551791828463,1.2432054947194575,0.05133213156685471,1.2645295135058214,0.5241216058585431,2020-11-11,0.2413793103448276,2.0
2020-11-11 15:13:00,-1.1197285858953816,0.10979740999024483,-0.22333772496865972,0.049435072323332524,1.4538070431954166,0.04998827444368521,1.0812296338814946,0.4921273779506785,2020-11-11,0.24568965517241378,2.0
2020-11-11 15:14:00,-0.7082302190510068,0.30860074318287456,-0.21338572353189075,0.031029343519179853,1.5241189003789044,0.020662892811058865,1.857254876174568,0.7097192343411566,2020-11-11,0.25,2.0
2020-11-11 15:15:00,0.17564695151409193,0.41835744951278603,-0.15859015991599762,0.02694210592726335,1.4693391161599407,0.015100704382712939,1.2972527804481409,0.7914008343838177,2020-11-11,0.2543103448275862,2.0
2020-11-11 15:16:00,0.8931059888693994,0.34212295163497763,-0.2314097670309548,0.04174344268297902,1.4556441701051994,0.02377763207604476,1.8375343518481004,0.73652190453399,2020-11-11,0.25862068965517243,2.0
2020-11-11 15:17:00,0.339511820214363,0.1132767493744268,-0.2615063075869737,0.051208563552318884,1.3936828897843567,0.018406403736216725,1.7370273668947824,0.5740697715566402,2020-11-11,0.2629310344827586,2.0
2020-11-11 15:18:00,0.5128768224468094,0.21645452310239047,-0.27962689284452075,0.04795098940162798,1.4284212895329689,0.025222546108775917,1.7248589006792123,0.801267077949837,2020-11-11,0.2672413793103448,2.0
2020-11-11 15:19:00,1.382487213073973,0.1424917059159486,-0.26504861711214417,0.04483643381516462,1.3601135707965157,0.04791277371351872,1.5452542112410663,0.7311136187923988,2020-11-11,0.27155172413793105,2.0
2020-11-11 15:20:00,1.3331130461301366,0.04441710790838461,-0.3073619689493222,0.03688164357541581,1.2333518140215327,0.020473616629246485,1.817018616103277,0.7306967237316444,2020-11-11,0.27586206896551724,2.0
2020-11-11 15:21:00,1.2750843072774072,0.2408587567465542,-0.3450968753807859,0.080518617005026,1.1224561532855817,0.04496357264596428,1.7326233854199082,0.5227872445513849,2020-11-11,0.2801724137931034,2.0
2020-11-11 15:22:00,0.11735293842660738,0.3667257495400429,-0.23543395779401624,0.06957446473911366,1.000537731090934,0.04160442134085299,1.5421398619418525,0.5888219654290984,2020-11-11,0.28448275862068967,2.0
2020-11-11 15:23:00,-0.518360185524877,0.12077637000682423,-0.14232525283085903,0.0967955566761766,0.8532335552338398,0.05222280776407991,1.9798042479584061,0.7292322499448068,2020-11-11,0.28879310344827586,2.0
2020-11-11 15:24:00,-0.04054325999166872,0.08221078242928564,-0.12348185512050412,0.08380867728769456,0.6720260373143971,0.03640842010606367,1.5943438714396956,0.6397740912559413,2020-11-11,0.29310344827586204,2.0
2020-11-11 15:25:00,-0.7277941938642127,0.2372016203326823,-0.16316883101840043,0.048863819610839916,0.5282291037396166,0.035286202021086205,1.5419199376197927,0.5303694056679552,2020-11-11,0.2974137931034483,2.0
2020-11-11 15:26:00,-0.030578896548671478,0.377168280290409,-0.14685549318553268,0.06235187890113962,0.6259308530325871,0.05148196392665069,1.2588303369239564,0.36145920729652387,2020-11-11,0.3017241379310345,2.0
2020-11-11 15:27:00,0.7968860500317383,0.36619417587250885,-0.10562627539130816,0.14336562020653149,0.7578699674624111,0.042803597673882005,1.2853822590387767,0.2977145327240113,2020-11-11,0.30603448275862066,2.0
2020-11-11 15:28:00,2.4544603957202753,0.2949090656627609,0.10047074335813456,0.10539743877660851,1.0808702805095989,0.12672543043825218,1.2379773466899981,0.3251651939151515,2020-11-11,0.3103448275862069,2.0
2020-11-11 15:29:00,1.24999102263352,0.4941571330335356,0.17008534464880481,0.10575024568342914,1.4025345012587638,0.07958748591766232,1.1717444813244817,0.4486775240756641,2020-11-11,0.3146551724137931,2.0
2020-11-11 15:30:00,0.9491120116821192,0.17803793539816615,0.004687288132138522,0.07442244610417735,1.7170172259060517,0.10624018027474286,1.1460333245077827,0.28575700321712927,2020-11-11,0.31896551724137934,2.0
2020-11-11 15:31:00,1.2308498286319556,0.04012805015515235,-0.027698324662278603,0.048574010996460804,1.9783902817069048,0.032349639377913,1.4441823879573523,0.5414131387778874,2020-11-11,0.3232758620689655,2.0
2020-11-11 15:32:00,0.7988756067924033,0.2401084095329298,-0.07097551420746816,0.04942999476662792,1.961355104907105,0.02855566475607847,1.494619852356607,0.7136811217190687,2020-11-11,0.3275862068965517,2.0
2020-11-11 15:33:00,0.549849418915834,0.043090286048757524,-0.055337009473055934,0.026752569645009903,1.8315871404615691,0.0362074231386765,1.22294757374301,0.20442450681045285,2020-11-11,0.33189655172413796,2.0
2020-11-11 15:34:00,0.8779356185693288,0.25126191164854283,-0.11287920774705816,0.02676808353499336,1.84812128264961,0.04230782436089553,1.099774230817732,0.19501371123345895,2020-11-11,0.33620689655172414,2.0
2020-11-11 15:35:00,0.774893158006554,0.3624077778079872,-0.1320841339361899,0.02394407548814051,1.973212924052064,0.021883573511732556,1.3170228909906145,0.22265716639771,2020-11-11,0.34051724137931033,2.0
2020-11-11 15:36:00,-0.7991778324729055,0.44025247719899524,-0.21312086846799858,0.050251200353886465,2.023817419839704,0.02259323009738623,1.481607587096348,0.5688405305227207,2020-11-11,0.3448275862068966,2.0
2020-11-11 15:37:00,-0.47081806876481946,0.5467487249060284,-0.16536128626608612,0.03928470374058013,1.9287878551427804,0.06990889452795629,1.691138946878629,0.6239851802421147,2020-11-11,0.34913793103448276,2.0
2020-11-11 15:38:00,0.3518553619503221,0.15273856375867897,-0.19591572778684854,0.06733748159205565,1.7569329833095049,0.0369773242416995,1.6648706753471278,0.8752688309113362,2020-11-11,0.35344827586206895,2.0
2020-11-11 15:39:00,0.44216465924484094,0.25492716738068305,-0.21981939571663672,0.08529207192282653,1.6198165112248406,0.014851935903382163,1.7629486713397047,0.73018438585726,2020-11-11,0.3577586206896552,2.0
2020-11-11 15:40:00,1.393471224356811,0.2183966296449303,0.23516964916062932,0.13642278375425573,1.561529484723564,0.03619932920899173,2.2175301462339942,1.0055400658829086,2020-11-11,0.3620689655172414,2.0
2020-11-11 15:41:00,1.022062426239836,0.46108731380240114,0.8345886254111126,0.5943443364603521,1.4262501395486809,0.03857307904674946,1.7771422984941372,0.7383029881734714,2020-11-11,0.36637931034482757,2.0
2020-11-11 15:42:00,-0.3581345477326555,0.203066684533649,0.3837241687071519,0.1890111875378503,1.265251017636846,0.05855487908860692,1.611484068102809,0.7310809850811312,2020-11-11,0.3706896551724138,2.0
2020-11-11 15:43:00,-0.4281089169692108,0.07617958979137673,-0.24150649646919015,0.21194910928838984,1.0985735034584103,0.03878088553685686,1.346384979522356,0.4899418708829492,2020-11-11,0.375,2.0
2020-11-11 15:44:00,-0.8497954723921577,0.26641654389045366,-0.6075798482693187,0.09780533713251344,0.9225433431938106,0.08431548068646756,1.1781808936470026,0.3246861539372052,2020-11-11,0.3793103448275862,2.0
2020-11-11 15:45:00,-1.5605894945992376,0.15147401211290412,-0.7340134027958637,0.033246062609730856,0.6852199487573803,0.04293542204567746,1.4604368637773817,0.22682441124173697,2020-11-11,0.38362068965517243,2.0
2020-11-11 15:46:00,-0.6719788369077233,0.4805223701149802,-0.407428131686938,0.07532066837542069,0.6541558028283319,0.01306451641391067,1.0844521513553798,0.21316062540825745,2020-11-11,0.3879310344827586,2.0
2020-11-11 15:47:00,0.09359431477633283,0.3371171932553394,-0.3927839901376497,0.039832269624213455,0.7378285829920582,0.035818020111753925,1.4835502994106855,0.47818335809256324,2020-11-11,0.3922413793103448,2.0
2020-11-11 15:48:00,2.1111872461270376,0.5127461195207552,-0.4386392001066213,0.041602310474556065,0.8475551629672398,0.03635510868631591,1.3375390774701912,0.5632013024904333,2020-11-11,0.39655172413793105,2.0
2020-11-11 15:49:00,2.232856931861539,0.2921859479309457,-0.4547596425030966,0.06652222564093152,0.8949864395470738,0.019035480938010205,1.7497481209764048,0.4677071366566146,2020-11-11,0.40086206896551724,2.0
2020-11-11 15:50:00,1.6987023907221663,0.23680993938680625,-0.4176995127459164,0.029081378945526967,0.7119417947178515,0.061827521954146945,2.003974270207644,0.11049425484674742,2020-11-11,0.4051724137931034,2.0
2020-11-11 15:51:00,-0.1769107962955823,0.6127077237298708,-0.4998923785642931,0.0539381565252362,0.6426320067578802,0.03007501245732669,1.8394697862655824,0.5269552291394707,2020-11-11,0.40948275862068967,2.0
2020-11-11 15:52:00,-0.6403283047734776,0.1848706470514703,-0.48820572880429514,0.04649592778849846,0.6281020030168754,0.016708845450636136,2.097054835420772,0.3237800044123129,2020-11-11,0.41379310344827586,2.0
2020-11-11 15:53:00,-0.5703953846361027,0.07543544153390236,-0.4173862833584671,0.017635605161580303,0.5121959961633346,0.04885781818304168,2.1526478118166046,0.14522723875566107,2020-11-11,0.41810344827586204,2.0
2020-11-11 15:54:00,0.3288511119051331,0.4455078880235514,-0.4068321043488651,0.05051568220713075,0.32564410905179914,0.05688586163254574,2.0104278990334423,0.6222837505980578,2020-11-11,0.4224137931034483,2.0
2020-11-11 15:55:00,0.7729782096244139,0.26102241346034927,-0.31336175805858685,0.05376645489981993,0.25466420571929976,0.01923673500923107,1.3369042933662676,0.31256692127280533,2020-11-11,0.4267241379310345,2.0
2020-11-11 15:56:00,-0.44719208223192264,0.21102071212350867,-0.34622938374729656,0.0635323450383848,0.23428879817443954,0.014578843305974325,1.1997180007256774,0.28076968818225645,2020-11-11,0.43103448275862066,2.0
2020-11-11 15:57:00,-0.7968981320179771,0.21884132566803524,-0.3022777748809136,0.06591630280178423,0.29341088236198243,0.022854205005204416,1.1320578862035229,0.2259369076332523,2020-11-11,0.4353448275862069,2.0
2020-11-11 15:58:00,-0.5441995539540136,0.4302524318102245,-0.34861505416835,0.0567955240078102,0.3316565243929052,0.023111025763235645,1.2125907485065766,0.3169735241183252,2020-11-11,0.4396551724137931,2.0
2020-11-11 15:59:00,-0.5113304183038606,0.36062154394275087,-0.27663893200229006,0.05830282714197155,0.47461840028142244,0.050164102145961766,1.2557732301718176,0.26929656346120845,2020-11-11,0.44396551724137934,2.0
2020-11-11 16:00:00,-0.6736865397939606,0.27476769210107727,-0.3805186352604171,0.058396087575849055,0.6067245262484987,0.034671871517342724,1.2309778482235614,0.35945061328464073,2020-11-11,0.4482758620689655,2.0
2020-11-11 16:01:00,0.28731082470641506,0.1535197836665426,-0.3662537017638339,0.06922434604147505,0.7224635215647864,0.0515166454216045,1.0996648568078866,0.27171783541942557,2020-11-11,0.4525862068965517,2.0
2020-11-11 16:02:00,-0.1027583578616305,0.3305344761008629,-0.39490424125308976,0.05700490250367674,0.8323571130772238,0.013550007752222199,1.0945376174965715,0.26374977830624086,2020-11-11,0.45689655172413796,2.0
2020-11-11 16:03:00,-0.8041517243745682,0.15981540140958272,-0.28071113973581857,0.05599603125962833,0.9121886278841278,0.030241577905775037,1.3114856817510778,0.7133346556077239,2020-11-11,0.46120689655172414,2.0
2020-11-11 16:04:00,-1.2332410889111562,0.1390035448156314,-0.3236994939439685,0.0331112355986578,1.0122285386986396,0.03093181070184073,2.9262774824013555,0.17820470378145173,2020-11-11,0.46551724137931033,2.0
2020-11-11 16:05:00,-1.382855757313164,0.21314627320020751,-0.3865909294308452,0.07357308934282586,1.0579896999059457,0.012766328754006216,2.195490969640939,0.8079240355804906,2020-11-11,0.4698275862068966,2.0
2020-11-11 16:06:00,-0.42609449074903755,0.4281762684061473,-0.4272899292797364,0.07517332617145842,1.0182409540397463,0.036567888039871405,1.8424054660114606,0.8285174220740538,2020-11-11,0.47413793103448276,2.0
2020-11-11 16:07:00,0.37448657010288655,0.3931470699828433,-0.4089283751911577,0.08371111793048855,0.9330650700407468,0.015179044795092082,1.3881082683703305,0.5056119358694053,2020-11-11,0.47844827586206895,2.0
2020-11-11 16:08:00,-1.0673452143510394,0.16471236475668147,-0.33092823913793995,0.09349190650938762,0.9043390856332394,0.030984095442351423,1.1787877408004,0.37040809395854385,2020-11-11,0.4827586206896552,2.0
2020-11-11 16:09:00,-0.8637389493564849,0.04998913278393119,-0.41844656878467484,0.09388104426691588,0.7757402019484761,0.032090226581709,1.3378286217066582,0.5367841764931852,2020-11-11,0.4870689655172414,2.0
2020-11-11 16:10:00,-0.7063318503085388,0.33638607181141994,-0.3928560438054363,0.05757860659339751,0.7293109945921565,0.013872611588844628,1.2233287280841192,0.8799485791061388,2020-11-11,0.49137931034482757,2.0
2020-11-11 16:11:00,1.0160688864983327,0.4285524982828754,-0.3270487575682876,0.0671057632489071,0.6227576338247813,0.029414973711431907,1.806663335037536,0.5703383854118586,2020-11-11,0.4956896551724138,2.0
2020-11-11 16:12:00,2.2082195873086374,0.47824552005853727,-0.27962689284452075,0.07244204216544053,0.522884734547522,0.030723598658108846,1.6703828024872025,0.552682231702714,2020-11-11,0.5,2.0
2020-11-11 16:23:00,-1.1666240967082229,0.14529827798085648,-0.47786835027200353,0.022405248972487506,-0.6789302875246428,0.012766328754006014,1.4786117817752837,0.061652456816545013,2020-11-11,0.5474137931034483,2.0
2020-11-11 16:24:00,-1.1294359649234595,0.1873787678154966,-0.4439166093483976,0.027427238096565724,-0.6735859183325484,0.015252409382956971,1.4763189737812383,0.06615466850424902,2020-11-11,0.5517241379310345,2.0
2020-11-11 16:25:00,-0.33098538776941433,0.3961868559306581,-0.578808316546998,0.11563292129383702,-0.6502043031171353,0.01943590525520616,1.6213238803776384,0.28654005112230674,2020-11-11,0.5560344827586207,2.0
2020-11-11 16:26:00,0.3388320549878025,0.13073962216482804,-0.5107841622036966,0.13485395424151567,-0.5810615266944187,0.030053198283057005,1.4230018735373713,0.22886541458686477,2020-11-11,0.5603448275862069,2.0
2020-11-11 16:27:00,-0.180152115851499,0.18372812795576787,-0.5863504039767629,0.14674534997674613,-0.5282858809224893,0.0289328538284963,1.9642249879615916,1.284012831762256,2020-11-11,0.5646551724137931,2.0
2020-11-11 16:28:00,-0.3296507267758016,0.18388145339584464,-0.5806637502146607,0.10410877453420762,-0.5162610502402774,0.02105423856841232,1.2123999831287966,0.3695214243668785,2020-11-11,0.5689655172413793,2.0
2020-11-11 16:29:00,0.16544218329584767,0.07834493343430385,-0.5280371881989121,0.10426876381243828,-0.4872010427582652,0.03639193642699757,1.4264595611184145,0.8106012576207682,2020-11-11,0.5732758620689655,2.0
2020-11-11 16:30:00,-0.27504568351538344,0.2834889047165886,-0.5264948710703544,0.050063033885734666,-0.5125867964207129,0.03898651070220359,1.8995408797908593,1.611712525352025,2020-11-11,0.5775862068965517,2.0
2020-11-11 16:31:00,-1.1058182682103987,0.07886959300620121,-0.5699166945767236,0.05237101593985568,-0.4768463274485829,0.03952537941579561,1.7506024712095127,0.722480962515563,2020-11-11,0.5818965517241379,2.0
2020-11-11 16:32:00,-1.2594949483320979,0.11572522893441012,-0.5263023706031668,0.11795192208371569,-0.5042362195580659,0.05539682380906127,1.1283076087987916,0.2919255749442214,2020-11-11,0.5862068965517241,2.0
2020-11-11 16:33:00,-1.3159237519564588,0.15715468357455117,-0.553748122361437,0.08826062723454739,-0.596760611196195,0.03331732720209312,1.0662709159014692,0.2582891560513825,2020-11-11,0.5905172413793104,2.0
2020-11-11 16:34:00,-0.6434950159508693,0.08078069184678345,-0.4902780193734404,0.08530711857213501,-0.7003077642930193,0.0244700006413225,1.1447840375714882,0.19272968269319063,2020-11-11,0.5948275862068966,2.0
2020-11-11 16:35:00,-0.7412485714582098,0.15998826783464024,-0.5482541195309812,0.1284772228416932,-0.702311902740053,0.08591243307264629,1.603210664076272,0.6198773548791201,2020-11-11,0.5991379310344828,2.0
2020-11-11 16:36:00,-0.10741723660952104,0.19816024280890618,-0.5499650885099807,0.06095413028459951,-0.6809344259716775,0.032088487226896195,1.5213920361997681,0.3643890715639789,2020-11-11,0.603448275862069,2.0
2020-11-11 16:37:00,-0.21344403231329337,0.637930187622893,-0.4798926238706817,0.05813316170451687,-0.6121256726234656,0.03364407354366776,1.1175475366238399,0.49321724432699066,2020-11-11,0.6077586206896551,2.0
2020-11-11 16:38:00,1.6710724212084314,0.2708706216910118,-0.46273572585668715,0.066107011376563,-0.6779282183011245,0.04587296301268974,1.7961716984187375,0.6140134779796617,2020-11-11,0.6120689655172413,2.0
2020-11-11 16:39:00,0.7198736237543307,0.22338984002724066,-0.49042252167821837,0.11119732507350494,-0.7821434175469592,0.023575486269185195,2.090207507939005,0.8087573907528437,2020-11-11,0.6163793103448276,2.0
2020-11-11 16:40:00,0.17746242205819873,0.32626974760613303,-0.32198846854079693,0.08973345530769261,-0.8132075634760059,0.0340333404108354,1.9690318565841884,0.4496580494120017,2020-11-11,0.6206896551724138,2.0
2020-11-11 16:41:00,-0.05077289766942124,0.16348428968220363,-0.465049041681036,0.08332307765576144,-0.8235622787856884,0.03362913942728032,1.8726036097027425,0.7581498131627421,2020-11-11,0.625,2.0
2020-11-11 16:42:00,-0.2748218583798086,0.23776013191085596,-0.4337237143128266,0.02522640007840551,-0.8255664172327232,0.01786473892544299,1.6606351158479977,0.631098394616217,2020-11-11,0.6293103448275862,2.0
2020-11-11 16:43:00,-1.0070036157640372,0.17353418119563987,-0.4576033267372378,0.05723873834615747,-0.7975084789742295,0.0238952960280285,1.9755512473413814,0.507315206493562,2020-11-11,0.6336206896551724,2.0
2020-11-11 16:44:00,-0.7533599982387578,0.2929857406789815,-0.5050007786025376,0.06805685673012837,-0.7858176713665238,0.030658128620897684,1.9284450799689805,0.792148410001329,2020-11-11,0.6379310344827587,2.0
2020-11-11 16:45:00,-0.11770490302612634,0.0779173319375359,-0.47548288673958117,0.11590247257968234,-0.7180109872418312,0.025903769093979664,1.7179561519865791,0.505721599902491,2020-11-11,0.6422413793103449,2.0
2020-11-11 16:46:00,-0.14625504254166904,0.1965841418711332,-0.4491933603081659,0.06208934252312736,-0.6448599339250418,0.03461870735903029,1.2651152810922384,0.4750729617821874,2020-11-11,0.646551724137931,2.0
2020-11-11 16:47:00,-0.46891970002235167,0.1849677870677327,-0.4606152866606733,0.05948754360351514,-0.6719158029600186,0.01919025536412335,1.2934109937919323,0.5439452078802174,2020-11-11,0.6508620689655172,2.0
2020-11-11 16:48:00,-0.10575098282246405,0.036914472470393186,-0.4282778413011822,0.07658885269457132,-0.6525424646386774,0.050248869615704295,1.132275765824929,0.5248626000521566,2020-11-11,0.6551724137931034,2.0
2020-11-11 16:49:00,-0.2988706257243468,0.06662513980329572,-0.44680791558380106,0.16769815674215735,-0.7687824945667248,0.0704481253987936,1.796498642900083,0.9074580355231812,2020-11-11,0.6594827586206896,2.0
2020-11-11 16:50:00,-0.23113450784353967,0.020835855324913638,-0.6412903006249177,0.3078820851766387,-0.8442717094050535,0.11850080098004376,2.02873812059039,0.6751778332460866,2020-11-11,0.6637931034482759,2.0
2020-11-11 16:51:00,-0.4300155755315148,0.15608576275051061,-0.4309766846855127,0.0678592679585167,-1.0209699158186656,0.06492748650239215,2.167069096445834,0.6506381911800908,2020-11-11,0.6681034482758621,2.0
2020-11-11 16:52:00,-1.08251558465111,0.16778331428094492,-0.4083499333867263,0.07004734332178789,-1.0560423386417834,0.051086077939342035,1.6954436592705528,0.5791947334945473,2020-11-11,0.6724137931034483,2.0
2020-11-11 16:53:00,-0.8674196293637152,0.1540247318496653,-0.4390728198692994,0.08848917842758446,-0.9708664546427827,0.03298057581292783,1.9076261223236726,1.0049134288977528,2020-11-11,0.6767241379310345,2.0
2020-11-11 16:54:00,-0.07244248672099757,0.5084937313327568,-0.5403985582090214,0.12305185640182321,-0.9057319551141366,0.02395128976860805,1.3433093498194641,0.7559204911368403,2020-11-11,0.6810344827586207,2.0
2020-11-11 16:55:00,0.9397279356276493,0.1676225724753125,-0.5017719053534475,0.08061182988903559,-0.8813482706752072,0.029703871806764846,1.6430492438460578,0.6229722221526097,2020-11-11,0.6853448275862069,2.0
2020-11-11 16:56:00,0.11465045716003738,0.19723095821862768,-0.5901336635249075,0.05844057175667337,-0.8800121783771834,0.028927065907157667,1.3732406183739125,0.551342643139267,2020-11-11,0.6896551724137931,2.0
2020-11-11 16:57:00,-0.17000537637210755,0.14346845977544165,-0.6120613757554025,0.0401263404765041,-0.7968404328252177,0.02073367828273846,1.0117692759426675,0.26031839228893044,2020-11-11,0.6939655172413793,2.0
2020-11-11 16:58:00,0.11445150148397094,0.22691451398226348,-0.5571455346126246,0.04940283266249663,-0.8238963018601942,0.02635872433226583,1.243734691728149,0.4455869161928073,2020-11-11,0.6982758620689655,2.0
2020-11-11 16:59:00,0.8665122468351772,0.2021186645080598,-0.5400128613765234,0.0979989970646068,-0.788823879037077,0.04414680504212701,1.967382443167956,0.4914926309080839,2020-11-11,0.7025862068965517,2.0
2020-11-11 17:00:00,-0.43741009482531973,0.6580268862556345,-0.5576516218203516,0.10713372256916424,-0.7093263873046779,0.0344943390065476,2.102600772477843,0.8482205265277323,2020-11-11,0.7068965517241379,2.0
2020-11-11 17:01:00,-1.0079901043245336,0.13950416431608806,-0.834110091010592,0.11462815371608377,-0.8188859557426067,0.1522086927607467,1.9257601322807107,1.0089763999633714,2020-11-11,0.7112068965517241,2.0
2020-11-11 17:02:00,-0.9181781962201809,0.14121739258013982,-0.8448569961840701,0.09370675415753559,-0.8756698784086068,0.04464966088679512,1.9571087448294742,0.7498523561554857,2020-11-11,0.7155172413793104,2.0
2020-11-11 17:03:00,0.18985570271317448,0.4216555414325546,-0.6382301544584988,0.1270401203210188,-0.7607659407785835,0.051797841143282106,1.3018441089857196,0.5696833050114375,2020-11-11,0.7198275862068966,2.0
2020-11-11 17:04:00,0.725635048540423,0.27299619211091364,-0.544229834727633,0.08612005144391166,-0.8876947090908182,0.06398448185657975,2.0604054752306102,0.7002424238575043,2020-11-11,0.7241379310344828,2.0
2020-11-11 17:05:00,-0.49835685026035753,0.17941091775979406,-0.5341092942887665,0.11781630284542488,-0.8699914861420067,0.04643529345763862,2.087267962806083,0.83696987158227,2020-11-11,0.728448275862069,2.0
2020-11-11 17:06:00,-0.0671867409449075,0.23435703918855091,-0.5077235834519582,0.08493332187633713,-0.7119985719007244,0.06613270237494054,1.5227338527843048,0.8838840516387041,2020-11-11,0.7327586206896551,2.0
2020-11-11 17:07:00,0.8034515873419329,0.29931856004428686,-0.4303019644354014,0.06814658081430038,-0.6268226879017242,0.034405229224499886,1.0569182021607149,0.5669791364479637,2020-11-11,0.7370689655172413,2.0
2020-11-11 17:08:00,2.775176945539473,0.7840222855256176,-0.30957864897490117,0.16891647671300977,-0.7190130564653484,0.047462452673179306,1.5524166491874325,0.6752137098349669,2020-11-11,0.7413793103448276,2.0
2020-11-11 17:09:00,3.6291361563160724,0.4250819191938173,-0.08162619735943853,0.24145367549046512,-0.9023917243690769,0.11140404957398795,1.5268330943815205,0.8306286580665071,2020-11-11,0.7456896551724138,2.0
2020-11-11 17:10:00,1.5322676778727031,0.7248795564003963,-0.13198779906633792,0.17436494763387633,-1.0463556694811131,0.03297380570594727,0.946956802230204,0.35302024381372105,2020-11-11,0.75,2.0
2020-11-11 17:11:00,-0.08875685215845058,0.1621916654165808,-0.15596391563311746,0.039703252049303965,-0.9812211699524647,0.02264813025010069,0.855506981186012,0.17158596562307143,2020-11-11,0.7543103448275862,2.0
2020-11-11 17:12:00,-0.584662164574038,0.14341001799747122,-0.24309673652792801,0.06868347530487394,-1.0293204926813126,0.04549176095183204,0.9200786564334792,0.1855507414800328,2020-11-11,0.7586206896551724,2.0
2020-11-11 17:13:00,-0.3009099214040285,0.35178068853971384,-0.36919334470667964,0.10164927052104225,-1.095457061433477,0.05822629307842855,1.0786753221797403,0.25762747108205464,2020-11-11,0.7629310344827587,2.0
2020-11-11 17:14:00,-0.3287968753326829,0.4500360388291809,-0.46343444518800325,0.11268494123822417,-1.1311975304056063,0.04349081713142819,1.4642742639184405,0.4429170065194592,2020-11-11,0.7672413793103449,2.0
2020-11-11 17:15:00,-0.9188994105459221,0.09938981866040433,-0.36555477554388666,0.07130041360443382,-1.0406772772145134,0.019398536771578795,1.2077507434799315,0.4733700710954366,2020-11-11,0.771551724137931,2.0
2020-11-11 17:16:00,-0.8555486073584141,0.04990453231390739,-0.30092816510817466,0.05972103661976134,-0.9431425394587948,0.0405073181594158,1.0634633029052591,0.5187209637100806,2020-11-11,0.7758620689655172,2.0
2020-11-11 17:17:00,-0.6971964688491521,0.09163178772145793,-0.29519351318366277,0.06786917785031583,-0.8709935553655251,0.018038851181192295,1.2878921681067879,0.6339375928531353,2020-11-11,0.7801724137931034,2.0
2020-11-11 17:18:00,-0.2899673592203709,0.22593938035166775,-0.27280752382727685,0.022591609965223722,-0.8506181478206652,0.02011331663889085,1.1229285470022403,0.3413995303646341,2020-11-11,0.7844827586206896,2.0
2020-11-11 17:19:00,-0.009812897859230599,0.04220954437652109,-0.2965185408254184,0.06770554768088853,-0.902057701294572,0.054282351881073186,1.2281840642292556,0.49192315345293136,2020-11-11,0.7887931034482759,2.0
2020-11-11 17:20:00,-0.549322662612726,0.44766159473422856,-0.24565105879942317,0.05308155704318712,-0.8990514936240193,0.05616528808915923,1.0863352366384644,0.30236112825542055,2020-11-11,0.7931034482758621,2.0
2020-11-11 17:21:00,-1.0829798145619318,0.3257849077785152,-0.36524164019672434,0.15748015592253345,-0.9919099083366533,0.0839747021409734,1.3664440876075004,0.46178382373682064,2020-11-11,0.7974137931034483,2.0
2020-11-11 17:22:00,-0.06082015931077952,0.14877102986854987,-0.6787122409817353,0.09794745400831784,-0.7924981328566417,0.04399609617248769,1.7348400100791337,0.9278691824668823,2020-11-11,0.8017241379310345,2.0
2020-11-11 17:23:00,0.03604638547409774,0.12172569514886322,-0.53418179934993,0.07376282291779164,-0.766444333045183,0.02476925579435249,1.3367041738852417,0.34099746848627466,2020-11-11,0.8060344827586207,2.0
2020-11-11 17:24:00,-0.1604555039209155,0.0644151473651583,-0.5752177643546721,0.047913756630160155,-0.7266955871789835,0.046453319814813744,1.5656291374585452,0.7615772276842591,2020-11-11,0.8103448275862069,2.0
2020-11-11 17:25:00,-0.9027011025861745,0.36101952126246545,-0.4239161963727783,0.0753688824049607,-0.6441918877760301,0.03504813290131984,1.1502991613177704,0.14205183612151462,2020-11-11,0.8146551724137931,2.0
2020-11-11 17:26:00,-1.0453689019655272,0.32814584651807716,-0.31818100302281643,0.020015179089362473,-0.5850698035884893,0.019988050836810933,1.2296179911184844,0.09811496264407894,2020-11-11,0.8189655172413793,2.0
2020-11-11 17:27:00,-0.7155086808671063,0.14664576220784858,-0.33466312436252754,0.062105238272635886,-0.5957585419726773,0.015738677894574036,1.3478814976450664,0.23347150453500462,2020-11-11,0.8232758620689655,2.0
2020-11-11 17:28:00,-0.5982491792854128,0.0877275202218048,-0.3162775523846867,0.04959013165214955,-0.5737130190552896,0.012298701013208761,1.3586046548635708,0.3151593309417675,2020-11-11,0.8275862068965517,2.0
2020-11-11 17:29:00,-1.1930023034267063,0.24517454884258255,-0.3271212250133363,0.11746955502428011,-0.5677006037141837,0.02564390194004748,1.3746704606576734,0.29336067671876165,2020-11-11,0.8318965517241379,2.0
2020-11-11 17:30:00,-1.0941959408001807,0.27567115627278505,-0.5174828211087363,0.06891522257955668,-0.7307038640730538,0.06791152370726024,1.0953208604816984,0.37400560067891003,2020-11-11,0.8362068965517241,2.0
2020-11-11 17:31:00,-0.720101241056308,0.05170755010905133,-0.5336033387374411,0.08503094494424313,-0.9782149622819127,0.08030049562379452,1.0681360575751813,0.24319061190631955,2020-11-11,0.8405172413793104,2.0
2020-11-11 17:32:00,-0.6341772584550882,0.1056497357058008,-0.5308322724128077,0.08254907900041515,-1.1970000760832653,0.06693802130269666,0.9983235310070402,0.25591793544919933,2020-11-11,0.8448275862068966,2.0
2020-11-11 17:33:00,-0.9677678984797562,0.08468581397090845,-0.5350495090767207,0.021770212349049863,-1.2885223984978764,0.013509786154007775,1.0904729219893516,0.2158228983843762,2020-11-11,0.8491379310344828,2.0
2020-11-11 17:34:00,-1.405536704384745,0.2419701548379831,-0.39410914943580694,0.08338398032555823,-1.2273961758633007,0.05015659123800544,1.098162501591442,0.14233949523257733,2020-11-11,0.853448275862069,2.0
2020-11-11 17:35:00,-1.7119698946263358,0.1980738690235494,-0.34977156161606543,0.05419992034726501,-1.095791084507983,0.024268447222124997,1.1608525238434602,0.45239897786670424,2020-11-11,0.8577586206896551,2.0
2020-11-11 17:36:00,-0.8212121735972705,0.3543581184417411,-0.35341014958691574,0.07567509298215493,-1.0002604851993,0.02798558478472768,1.209024369528965,0.22589136494976608,2020-11-11,0.8620689655172413,2.0
2020-11-11 17:37:00,0.058586405608464905,0.1591888535692136,-0.44690428806976773,0.13430339304203356,-0.9618478316311235,0.01916697327442871,1.4592474669544024,0.4029060581436198,2020-11-11,0.8663793103448276,2.0
2020-11-11 17:38:00,-0.99354923817004,0.25967283014342124,-0.4998925854529242,0.09646257986462725,-0.8753358553341017,0.015075734587737531,1.4680149452795006,0.47996975758829685,2020-11-11,0.8706896551724138,2.0
2020-11-11 17:39:00,-0.8343929871366761,0.08548858374578765,-0.3903499830091539,0.04114713210720002,-0.8816822937497134,0.017331910791525747,1.2736078043007848,0.18283032910136363,2020-11-11,0.875,2.0
2020-11-11 17:40:00,-1.0481211221511137,0.1496239342702363,-0.4216994975391419,0.048818983124159845,-0.9758768007603714,0.1421201604172926,1.9690293300396702,1.0423755716809258,2020-11-11,0.8793103448275862,2.0
2020-11-11 17:41:00,0.18614186342659977,0.34901687714270685,-0.5199647323593548,0.1182312909764425,-1.307561713744712,0.059332534387764015,1.8318996519074198,0.44229097336950973,2020-11-11,0.8836206896551724,2.0
2020-11-11 17:42:00,-0.24703438228918748,0.26340957849972146,-0.32288008330850554,0.10952230063783319,-1.2521138833767362,0.05346179120102352,1.6915608367105661,0.14109684726289182,2020-11-11,0.8879310344827587,2.0
2020-11-11 17:43:00,-0.060181843183399523,0.20458841233230102,-0.26295227103762203,0.02474575266797402,-1.1311975304056066,0.03608389011688591,1.7232307489916217,0.2623306990754428,2020-11-11,0.8922413793103449,2.0
2020-11-11 17:44:00,0.579767378704334,0.09720089207367154,-0.2753378846336819,0.05377384244037796,-1.1151644228293245,0.10627852493473282,2.080358353745714,0.9708874442422268,2020-11-11,0.896551724137931,2.0
2020-11-11 17:45:00,-0.15475210787367585,0.31153877293525,-0.3902776284124494,0.08475378206657923,-1.2808398677842416,0.049031154278895074,1.360371707641893,0.5179094361468412,2020-11-11,0.9008620689655172,2.0
2020-11-11 17:46:00,-0.028589339788006454,0.21423765986853605,-0.33449454774431525,0.04392788486691791,-1.169276160899277,0.021120409573750675,1.1172533180102302,0.19176446150881887,2020-11-11,0.9051724137931034,2.0
2020-11-11 17:47:00,0.5436652133181004,0.1451133406197321,-0.3113860656720968,0.062165624969980134,-1.1849752454010545,0.019120324046092648,1.181675859801767,0.2667400829524232,2020-11-11,0.9094827586206896,2.0
2020-11-11 17:48:00,0.5088894191056433,0.06226836640552914,-0.38071147427263746,0.11037573550055559,-1.2327405450553954,0.03519433958608234,1.3156981131143926,0.5334933017775868,2020-11-11,0.9137931034482759,2.0
2020-11-11 17:49:00,0.9720582329884556,0.30767245634126095,-0.3170483629999042,0.03338732307046009,-1.3025513676271236,0.029829501847622442,1.15273977128561,0.20062440991776134,2020-11-11,0.9181034482758621,2.0
2020-11-11 17:50:00,1.0188542659632636,0.3831598971366698,-0.44174787106105623,0.0593792363587474,-1.490940381648442,0.07684459521549895,1.3030573057994277,0.6610999909016427,2020-11-11,0.9224137931034483,2.0
2020-11-11 17:51:00,0.9605188037765985,0.2717341736512957,-0.4120127273274125,0.06953590719401438,-1.6362404190585005,0.0533154291060715,1.6461940312423025,0.800941695937938,2020-11-11,0.9267241379310345,2.0
2020-11-11 17:52:00,1.8075145658908698,0.4034009623180939,-0.43888041344239864,0.05059546441598009,-1.528350965993101,0.023174334675234224,1.0951136168542526,0.3376450405325924,2020-11-11,0.9310344827586207,2.0
2020-11-11 17:53:00,1.331471661802588,0.694734479099397,-0.4458681709972812,0.07218650164416764,-1.5704378733808424,0.030729048198221004,1.0507640137987797,0.20553555209031935,2020-11-11,0.9353448275862069,2.0
2020-11-11 17:54:00,-0.1964747711087881,0.28906613007945325,-0.4671937056549431,0.03779754946539949,-1.6382445575055355,0.031335180916998454,1.3643040726136948,0.4238007006294124,2020-11-11,0.9396551724137931,2.0
2020-11-11 17:55:00,-0.885391958768389,0.09521491211508151,-0.46839838053758454,0.04915639980889663,-1.5233406198755128,0.0310488781496171,1.37260836504647,0.5568180329652845,2020-11-11,0.9439655172413793,2.0
2020-11-11 17:56:00,-0.6247434434816017,0.04592946150530817,-0.3672896683718615,0.03159648799643998,-1.6131928269175944,0.03704104286816974,1.75374553952061,0.8845223041162866,2020-11-11,0.9482758620689655,2.0
2020-11-11 17:57:00,-0.7788843535141227,0.09331930132727714,-0.3198679353044963,0.09446709132808323,-1.6078484577255003,0.022707199588196243,1.8670017317581296,0.40245985308913645,2020-11-11,0.9525862068965517,2.0
2020-11-11 17:58:00,-0.5780303087051547,0.10488592865608251,-0.4249524639097237,0.0657065578745517,-1.70772135700276,0.04703719564412314,1.6254059356381703,0.5307132655770761,2020-11-11,0.9568965517241379,2.0
2020-11-11 17:59:00,-1.104715722172197,0.27220185320918716,-0.7091698398150967,0.16601859544873437,-1.7551526335825949,0.013431059540773794,1.796815491991469,0.07223950686713361,2020-11-11,0.9612068965517241,2.0
2020-11-11 18:00:00,-1.416114514495614,0.31067233668138816,-0.30374745529190617,0.23639749140651542,-1.6946944570970301,0.0382975288908223,1.8093897738948053,0.2677717877365345,2020-11-11,0.9655172413793104,2.0
2020-11-11 18:01:00,0.34616854554275467,0.6181749102140843,-0.0576982294195276,0.030629813794285747,-1.6469291574426885,0.054220622944216965,2.094644850525355,0.4716994191008404,2020-11-11,0.9698275862068966,2.0
2020-11-11 18:02:00,0.9126533840429331,0.49912562677145894,-0.2257473004306311,0.06850069191540321,-1.7668434411903007,0.06906549429122111,1.2917675715770438,0.5451811650321251,2020-11-11,0.9741379310344828,2.0
2020-11-11 18:03:00,0.25844567203710034,0.31005348098555086,-0.3403258730837118,0.08442376394855107,-1.7010408955126413,0.09608206998869352,1.787384133510216,0.8296650297422928,2020-11-11,0.978448275862069,2.0
2020-11-11 18:04:00,0.40006895411710397,0.1966694981030783,-0.31027748115456155,0.0967980916033828,-1.9258384246551004,0.08373508201449792,2.405155411913066,0.8412229577080488,2020-11-11,0.9827586206896551,2.0
2020-11-11 18:05:00,-0.5306954374409999,0.358497660179495,-0.4153621038000758,0.20198899583908947,-1.7541505643590771,0.047367102717218015,1.930897593060819,0.7397763741888509,2020-11-11,0.9870689655172413,2.0
2020-11-11 18:06:00,-1.1690115648210209,0.047446135660009985,-0.8789775394225767,0.09819231749656976,-1.7197461876849716,0.04382322282740273,1.5816254492497699,0.3513153573056947,2020-11-11,0.9913793103448276,2.0
2020-11-11 18:07:00,-0.7888487169571199,0.1511187204674585,-0.9089294272093587,0.04779729819803807,-1.654277665081818,0.02870237122002863,1.8282498155111415,0.8757000289736745,2020-11-11,0.9956896551724138,2.0
2020-11-11 18:08:00,-0.3368711598530484,0.09110218617399189,-0.9090259877758992,0.0917403012842583,-1.6876799725324068,0.0407833344022041,1.6393312873318207,0.40815320949562284,2020-11-11,1.0,2.0
2020-12-09 16:57:00,-0.9496878014172129,0.14452320218524825,-0.17350833486117492,0.018672152430224756,0.07345668779985849,0.03887575894606811,1.527895407286696,0.8256970871669916,2020-12-09,0.0,2.0
2020-12-09 16:58:00,-0.6165862607628753,0.052419931460204315,-0.17350803393225703,0.02141901937044249,0.216752586762881,0.04237110124575533,1.7655477010789413,0.6241531720473126,2020-12-09,0.05263157894736842,2.0
2020-12-09 16:59:00,-0.11108133697707911,0.248751037763516,-0.17396608536145955,0.025761674511215665,0.24297339811159288,0.022312951708406706,1.7429627784564603,0.8175028454974453,2020-12-09,0.10526315789473684,2.0
2020-12-09 17:00:00,0.17133624519931775,0.054846467012744794,-0.15122031667563224,0.016427501919218237,0.3445164127613814,0.044430361749978525,1.764322911542123,0.6265770005230249,2020-12-09,0.15789473684210525,2.0
2020-12-09 17:01:00,-0.3338122163335259,0.23521812420256577,-0.15565358268650328,0.017162121288555616,0.4828019656068167,0.0317422173245816,1.6888720127185686,0.6556356564783271,2020-12-09,0.21052631578947367,2.0
2020-12-09 17:02:00,-0.7678837625916124,0.06896797000817867,-0.13681187770131173,0.016892620547048206,0.5337404844689624,0.01791387904281673,1.8202176933496348,0.49682754390848677,2020-12-09,0.2631578947368421,2.0
2020-12-09 17:03:00,-0.9273218674994038,0.03894170917197887,-0.12090906333667108,0.019044515400216417,0.45858529270514103,0.019265003554986226,1.7165219501219149,0.7801758444642437,2020-12-09,0.3157894736842105,2.0
2020-12-09 17:04:00,-0.7599586948282968,0.03799443996237986,-0.12143898035308648,0.05584599996032782,0.5566210650726175,0.049170972383596454,2.059013353824383,0.9554239175634022,2020-12-09,0.3684210526315789,2.0
2020-12-09 17:05:00,-0.23808137686619496,0.42653252906561967,-0.2566116799288029,0.08087601471112625,0.5766624495429702,0.03180019081681805,1.6376308650697449,0.6061450188779393,2020-12-09,0.42105263157894735,2.0
2020-12-09 17:06:00,0.8384346270502925,0.23013775098974001,-0.23299902907070935,0.07109399683674195,0.465599777269764,0.04138483237012542,1.830276106709561,0.7100294325832716,2020-12-09,0.47368421052631576,2.0
2020-12-09 17:07:00,1.7278079481667281,0.17799831690329998,-0.21820457352691555,0.03881281077819492,0.4205066622114692,0.037164022560238756,2.128919122974884,0.8417188292226322,2020-12-09,0.5263157894736842,2.0
2020-12-09 17:08:00,1.4186639868387314,0.10772703439548913,-0.2100604025646044,0.0747949509584677,0.3455184819848991,0.0186952436665407,1.9470951678607833,0.7849478216835339,2020-12-09,0.5789473684210527,2.0
2020-12-09 17:09:00,0.3584043196208444,0.8107909736969089,-0.200061023631319,0.12903470894608632,0.26919420946030537,0.0593388838483626,1.8485739551057188,0.7921436671786183,2020-12-09,0.631578947368421,2.0
2020-12-09 17:10:00,-0.8461728211237802,0.2649343862101002,0.3324144528282028,0.3558735736355757,0.03287288424739379,0.04493625501625284,2.0965695319793958,0.7758984173940338,2020-12-09,0.6842105263157895,2.0
2020-12-09 17:11:00,0.14828225623511201,0.2743584597625186,-0.025902606576767427,0.10907530927131774,-0.1234499146213597,0.052286895337606464,1.7844079452178143,0.9767791192626856,2020-12-09,0.7368421052631579,2.0
2020-12-09 17:12:00,0.3884383368870498,0.09923136643282356,-0.022047481441409895,0.01750441785446487,-0.17856372191483058,0.04000401599981915,1.1723456885009478,0.10588903788194727,2020-12-09,0.7894736842105263,2.0
2020-12-09 17:13:00,-0.13932475315868595,0.2823737086752035,0.03269639763282896,0.04660497978817975,0.004814945988898974,0.07214844256810261,1.0806136900472518,0.2132241032597719,2020-12-09,0.8421052631578947,2.0
2020-12-09 17:14:00,-0.38556556157032423,0.3153388619557427,0.11228265478022041,0.07875625685102981,-0.14449336831523024,0.23563408966013735,1.2729336528833428,0.3919845267139369,2020-12-09,0.8947368421052632,2.0
2020-12-09 17:15:00,0.192840037854172,0.2702557867758573,0.11035422704190259,0.028651863383594694,-0.6582208569052778,0.04311962271410896,1.2838237589424293,0.7677269412456359,2020-12-09,0.9473684210526315,2.0
2020-12-09 17:16:00,-0.7210545703374599,0.07508323781636547,0.08235659045620819,0.017622114239491754,-0.7113305257517137,0.016130979263363064,1.3331712785191658,0.6058415026166474,2020-12-09,1.0,2.0
