datetime,HR_mean,HR_std,EDA_mean,EDA_std,TEMP_mean,TEMP_std,acc_mag_mean,acc_mag_std,hour,hour_sin,hour_cos,label
2020-07-15 12:56:00,-1.0726065887643161,0.06799259551694393,-1.1558100151706157,0.014094697230466455,-0.793794780438258,0.06645562539932008,1.8100289480484137,0.3590603912199799,12,1.2246467991473532e-16,-1.0,2.0
2020-07-15 12:57:00,-0.8560619984916695,0.09536206604670905,-1.1396489128146723,0.008143814868804689,-0.8348675703832195,0.05191733039731955,2.0274924152310194,0.5636242123470342,12,1.2246467991473532e-16,-1.0,2.0
2020-07-15 12:58:00,-1.2199073372226488,0.09088176817355356,-1.1284906553927114,0.023126500569715217,-1.077779406438306,0.032469943508658464,1.6513506526835589,0.6318434649357711,12,1.2246467991473532e-16,-1.0,2.0
2020-07-15 12:59:00,-1.0769956117788446,0.08810285002125734,-1.1460163669440948,0.02196130493128078,-1.0075878475025148,0.06754729238142021,1.4420810481566058,0.41317507106566254,12,1.2246467991473532e-16,-1.0,2.0
2020-07-15 13:00:00,-1.1765657349541814,0.030042570706552113,-1.1654053797500874,0.00641687390930586,-1.121610816603451,0.07308181518894352,1.2873910826560178,0.2620662356927904,13,-0.2588190451025208,-0.9659258262890683,2.0
2020-07-15 13:01:00,-0.806066824100114,0.2622903608189596,-1.1771624730289445,0.005608942373132785,-1.2150973907319078,0.11360674777867685,1.4155602737721005,0.4990212206438089,13,-0.2588190451025208,-0.9659258262890683,2.0
2020-07-15 13:11:00,-0.08197141017133282,0.6271897371059828,-1.1419454039800845,0.01646024070684297,-1.5200781817411333,0.03938141748733252,1.296454926656456,0.3627999212789415,13,-0.2588190451025208,-0.9659258262890683,2.0
2020-07-15 13:12:00,0.39636206081096004,0.42999645861346536,-1.0962215277362588,0.02217186209912689,-1.4805379585851637,0.0784039829047583,1.5433474539698193,0.31848896023204554,13,-0.2588190451025208,-0.9659258262890683,2.0
2020-07-15 13:13:00,-1.2397396513228713,0.26489200916099886,-1.0945016252299034,0.02106205153473336,-1.3738713100713842,0.09590243455649212,1.5986213790493176,0.38493151461538283,13,-0.2588190451025208,-0.9659258262890683,2.0
2020-07-15 13:14:00,-1.135698794598161,0.09039874834601527,-1.128956058620901,0.012133570165342207,-1.5602314316127002,0.03693907470412692,1.8469463832873376,0.3246137395912756,13,-0.2588190451025208,-0.9659258262890683,2.0
2020-07-15 13:15:00,-1.1539435897356818,0.15775337462425706,-1.0983691475970723,0.07313247272355328,-1.8609210356127508,0.25604681819480807,1.5624593311795578,0.4515100679104922,13,-0.2588190451025208,-0.9659258262890683,2.0
2020-07-15 13:16:00,-0.8382841206961198,0.06245449871501006,-1.0774167746670436,0.05065689231382711,-2.3663615626220116,0.08633525436961394,1.5205398585964387,0.5171310006495531,13,-0.2588190451025208,-0.9659258262890683,2.0
2020-07-15 13:17:00,-1.060233279202082,0.07722471922967603,-1.0520066460896227,0.0569306584463001,-2.366361562622011,0.10845602096655574,1.3885867383771175,0.40632431768360594,13,-0.2588190451025208,-0.9659258262890683,2.0
2020-07-15 13:18:00,-0.6067748296132994,0.15250941250204406,-0.968012524536049,0.052901352949698686,-1.8961700717595464,0.1345088392860386,1.4376310247090407,0.4902978646306915,13,-0.2588190451025208,-0.9659258262890683,2.0
2020-07-15 18:51:00,-0.34436728342554146,0.12309082130083607,-0.9181131797253597,0.15803528229562372,0.07792920913987217,0.11956299897834781,1.5913821435532585,0.4352417752283958,18,-1.0,-1.8369701987210297e-16,0.0
2020-07-15 18:52:00,0.10254265044209639,0.2553683942203545,-0.6188325922181797,0.05937267318063454,0.37785252974542705,0.09054056202492783,1.4884081168555945,0.28704510143335343,18,-1.0,-1.8369701987210297e-16,0.0
2020-07-15 18:53:00,0.2628120280736763,0.054557044100339944,-0.5063264980701798,0.042852010613378795,0.8267413422409163,0.12151103534144121,1.511981042669226,0.27613416810047814,18,-1.0,-1.8369701987210297e-16,0.0
2020-07-15 18:54:00,0.4353846776661946,0.06288831538421039,-0.42284501195071805,0.053565539780147914,0.9426033914886425,0.053432388781417414,1.4500834633483577,0.20973414970072762,18,-1.0,-1.8369701987210297e-16,0.0
2020-07-15 18:55:00,0.43008516583482265,0.09647878271063029,-0.25899277893096595,0.0494879957576317,1.0546340237638911,0.039452959421357764,1.5255765646125732,0.29758928402305074,18,-1.0,-1.8369701987210297e-16,0.0
2020-07-15 18:56:00,0.8975861544833861,0.08013041854614518,-0.3722535802712388,0.13369159458288316,0.9176225528280881,0.12400397284115834,1.5570121923666425,0.2904291149307146,18,-1.0,-1.8369701987210297e-16,0.0
2020-07-15 18:57:00,0.7739814611300867,0.14861868050979568,-0.6495846987593322,0.05504132548867979,0.4572394894151649,0.14076602142581324,1.5729885541599522,0.3696893395145656,18,-1.0,-1.8369701987210297e-16,0.0
2020-07-15 18:58:00,0.5646740896579922,0.15767071899765303,-0.5328121509650594,0.15897227051096227,0.20528550930503092,0.084963390090945,1.3959373622138072,0.4070879122544669,18,-1.0,-1.8369701987210297e-16,0.0
2020-07-15 18:59:00,0.7409937509198287,0.1900686005967758,-0.3393511788739262,0.1189005553841337,-0.12299029689685945,0.11277921946692195,1.820424372780046,0.45880205543618696,18,-1.0,-1.8369701987210297e-16,0.0
2020-07-15 19:00:00,0.1981089574100312,0.07675629381195799,-0.2839560469312165,0.14165803952517533,-0.40237722252993463,0.05089331853468916,1.61685552707349,0.3620102453299569,19,-0.9659258262890684,0.2588190451025203,0.0
2020-07-15 19:01:00,-0.05613920822678178,0.09888394576678941,-0.26029499454937816,0.08540553919695343,-0.4695036478877437,0.026768150849133886,1.8979854694704066,0.5034363593514772,19,-0.9659258262890684,0.2588190451025203,0.0
2020-07-15 19:02:00,-0.2397894717575645,0.39841338349360056,-0.189700050316733,0.10986878975043893,-0.3384691874290065,0.07884513992610497,2.268021189143258,0.8554748708431715,19,-0.9659258262890684,0.2588190451025203,0.0
2020-07-15 19:03:00,-0.7574957476015705,0.27472684645419077,0.06740054871068817,0.10471025699412306,-0.09908225498859878,0.1433417527799252,1.3479276447277309,0.31309742163819315,19,-0.9659258262890684,0.2588190451025203,0.0
2020-07-15 19:04:00,0.2612361820445238,0.2777570012429326,0.12881540683675066,0.15024912125304338,0.14612843124997532,0.04120799798915186,1.4697587732873956,0.4665725830920475,19,-0.9659258262890684,0.2588190451025203,0.0
2020-07-15 19:05:00,0.3470322436317133,0.33490588116588205,-0.1198458790938424,0.2391049973540594,0.21693301690136366,0.05019521714795293,1.8121092110645194,0.4415370645607096,19,-0.9659258262890684,0.2588190451025203,0.0
2020-07-15 19:06:00,3.565400098370108,1.7584992561671635,-0.2979830851874156,0.0874177261633936,0.37478739616744505,0.04547408849239726,1.3756806548615406,0.29882764280148094,19,-0.9659258262890684,0.2588190451025203,0.0
2020-07-15 19:07:00,2.561819636470976,1.678025268490166,-0.4351497331572246,0.08592076210619295,0.6811474972867634,0.1520420273846706,1.2276549606374891,0.09589371892174955,19,-0.9659258262890684,0.2588190451025203,0.0
2020-07-15 19:08:00,-0.17214482183950144,0.10029194488643929,-0.7146925580212221,0.06021963025475512,1.0645957078923332,0.05235724306235051,1.578641591240388,0.38801000557811693,19,-0.9659258262890684,0.2588190451025203,0.0
2020-07-15 19:09:00,-0.19553738067225357,0.11071892407191293,-0.8813824922901029,0.040684710358549724,1.1430631274886762,0.20637817002156308,1.57919172041102,0.19872968202036992,19,-0.9659258262890684,0.2588190451025203,0.0
2020-07-15 19:10:00,-0.0356999015819969,0.17723016212353074,-0.2528443281719993,0.48272172842372973,1.8733312024429292,0.15170943358876132,1.5979641936635942,0.3894077498954359,19,-0.9659258262890684,0.2588190451025203,0.0
2020-07-15 19:11:00,-0.210700521352765,0.09255266279025738,0.426554925847783,0.10820814297016604,1.9738675838007447,0.041311657475318814,1.6270250950924856,0.4126225170571606,19,-0.9659258262890684,0.2588190451025203,0.0
2020-07-15 19:12:00,-0.6672522983321062,0.13427721225944322,0.3203912165572373,0.14611484601734007,2.129269856204441,0.1761684158826107,1.3131617118098198,0.16049949302264688,19,-0.9659258262890684,0.2588190451025203,0.0
2020-07-15 19:13:00,-0.30204122637586134,0.04924291436142734,-0.15500841408808474,0.12909014250786086,2.4241357064063265,0.030103956250368765,1.3181065805808219,0.3173050031113086,19,-0.9659258262890684,0.2588190451025203,0.0
2020-07-15 19:14:00,0.5161030131594485,0.3621173732671359,-0.5346702585001815,0.07725436907979155,2.6737908363329743,0.1003374001380536,1.6495968445910487,0.28805483223690226,19,-0.9659258262890684,0.2588190451025203,0.0
2020-07-15 20:27:00,-0.763705748249786,0.06493296886171387,-0.9775018882117172,0.03041146746326876,0.6852854276170395,0.08470743730364061,1.6875733336532648,0.36249289577590166,20,-0.8660254037844386,0.5000000000000001,2.0
2020-07-15 20:28:00,-0.8754157223163717,0.1433330096836793,-0.9811046978807295,0.04131418465955531,0.26122419710320605,0.1541907061626448,2.070357318080899,0.7410191125678041,20,-0.8660254037844386,0.5000000000000001,2.0
2020-07-15 20:29:00,0.13739803002023893,0.39190803548243036,-0.99854805910286,0.021105214401715824,-0.1778561879427404,0.1493068011945136,1.7926025901982894,0.6245275669948939,20,-0.8660254037844386,0.5000000000000001,2.0
2020-07-15 20:30:00,0.5119241029488071,0.19477643512426335,-1.0156771451414601,0.013019747547795295,-0.7208446012822824,0.1317718749390358,1.448835707346386,0.3514757727060877,20,-0.8660254037844386,0.5000000000000001,2.0
2020-07-15 20:31:00,0.019221250767353624,0.08305416335649005,-0.7928797825171984,0.19738075133331895,-0.9974729066951735,0.08331441314200162,1.4117796735158832,0.30307684344565317,20,-0.8660254037844386,0.5000000000000001,2.0
2020-07-15 20:32:00,0.4072645807459852,0.10058702933900114,-0.23714873935333214,0.09506195390004372,-0.8098867317226642,0.24135799554556067,1.4324460500513077,0.3174650919302444,20,-0.8660254037844386,0.5000000000000001,2.0
2020-07-15 20:33:00,0.6540420689112606,0.06365594309935872,-0.19279934650025513,0.08774313000729478,-0.13509757452988935,0.0811741350268087,1.458530205528146,0.33115315450796157,20,-0.8660254037844386,0.5000000000000001,2.0
2020-07-15 20:34:00,0.3828914954950939,0.2509123130787882,-0.6368741611482418,0.13264507581932072,0.07563035895638523,0.02870374035846008,1.4139354079079962,0.3320738057952336,20,-0.8660254037844386,0.5000000000000001,2.0
2020-07-16 19:28:00,-0.024412174839845608,0.4056714547075028,-0.14520154409189526,0.07721210470957719,1.1692700195804244,0.07636017657138915,1.688558632983536,0.5089180099095307,19,-0.9659258262890684,0.2588190451025203,2.0
2020-07-16 19:29:00,-0.7295273988175014,0.05484032484190139,-0.09481726674850129,0.0731331523577575,1.3568561945529334,0.06751667004980202,1.528975431946477,0.4105573373292487,19,-0.9659258262890684,0.2588190451025203,2.0
2020-07-16 19:30:00,-1.0794235819570943,0.12470743476756951,-0.3673378795155582,0.1338634471417825,1.4811473611401105,0.05030815293430021,1.4886783875502874,0.638786008683633,19,-0.9659258262890684,0.2588190451025203,2.0
2020-07-16 19:31:00,-1.162616579362795,0.06592227837481884,-0.42080614612465767,0.09356364347709661,1.3937910541676184,0.04101336003078817,1.5983430244566192,0.5520970335737709,19,-0.9659258262890684,0.2588190451025203,2.0
2020-07-16 19:32:00,-0.8929484685073864,0.06956637261049675,-0.3334552823004755,0.11628087086975174,1.5367795355804872,0.0627850196526867,1.8340354245128743,0.672114953086595,19,-0.9659258262890684,0.2588190451025203,2.0
2020-07-16 19:33:00,-0.9576281933039329,0.12059882108533473,-0.42005262781920527,0.10076503661006207,1.560074550773152,0.026615398780277796,1.7973236050351933,0.789048938954717,19,-0.9659258262890684,0.2588190451025203,2.0
2020-07-16 19:34:00,-0.7813202049756458,0.18647097109682098,-0.5041666293045578,0.16617365713478108,1.5225266644428694,0.053592238813625154,1.801628735425964,0.4728582890111572,19,-0.9659258262890684,0.2588190451025203,2.0
2020-07-16 19:35:00,-1.168219587466448,0.027426392037574323,-0.21382628530858808,0.1172871079756951,1.611722051562151,0.05104822984286575,1.4594797398384851,0.6927125609798627,19,-0.9659258262890684,0.2588190451025203,2.0
2020-07-16 19:36:00,-1.1138587359274628,0.029024941603537125,-0.3176496371870069,0.08326350604161628,1.7413772019107965,0.05762382478189255,1.5581804918720634,0.5332362644750729,19,-0.9659258262890684,0.2588190451025203,2.0
2020-07-16 19:37:00,-1.000409494762035,0.09004525739399431,-0.2033551876162219,0.16119225234192583,1.6498829646080293,0.1300977991335466,1.7814038252318196,0.49072430375517917,19,-0.9659258262890684,0.2588190451025203,2.0
2020-07-16 19:38:00,-0.7722269897407587,0.09393759393455572,-0.17488506965975345,0.15347574907444297,1.5853619027915047,0.04140115331527219,1.703163159282322,0.47905215717809635,19,-0.9659258262890684,0.2588190451025203,2.0
2020-07-16 19:39:00,-0.9761064471124392,0.07480762824401122,-0.1844790308625141,0.22841881624310428,1.4316454538556986,0.08389625028928586,2.076683805162315,0.8187777118814592,19,-0.9659258262890684,0.2588190451025203,2.0
2020-07-16 19:40:00,-1.1108237732046506,0.04148048995521199,0.03189564801763479,0.16477605534550757,1.2008408954336407,0.1286756764193851,1.5842596778165534,0.6775886209481149,19,-0.9659258262890684,0.2588190451025203,2.0
2020-07-16 19:41:00,-1.112434638034451,0.060851124510641966,-0.11514971946541391,0.14343209506951582,1.2906493092685187,0.054835633446936906,1.3541349982926536,0.3697278409068053,19,-0.9659258262890684,0.2588190451025203,2.0
2020-07-16 19:42:00,-1.215833483413951,0.11454982968652465,-0.460297471655587,0.10698588244329134,1.3542508310116486,0.07493225242139497,1.4630883745959966,0.4255488498239232,19,-0.9659258262890684,0.2588190451025203,2.0
2020-07-16 19:43:00,-0.8109344373901628,0.4876554155653621,-0.6840590659214953,0.05807942629487672,1.3059749771584284,0.10321723500975986,1.49942076152591,0.4199170257570043,19,-0.9659258262890684,0.2588190451025203,2.0
2020-07-16 20:29:00,0.8428050773366267,0.1605635327998349,-0.2835542767252067,0.12716611242180076,0.6523352416537319,0.05559639067577451,1.7575049827497728,0.44236325228566653,20,-0.8660254037844386,0.5000000000000001,2.0
2020-07-16 20:30:00,0.36493852369630503,0.19254295229110843,-0.5893065972182072,0.047157457320634234,0.472105387268379,0.08399912619613586,1.6042946241184752,0.4384444122122315,20,-0.8660254037844386,0.5000000000000001,2.0
2020-07-16 20:31:00,0.5182975246667126,0.10891208379593735,-0.7708291646620419,0.03668786787920341,0.24068780213072516,0.0528664407456262,1.6140229873552232,0.6173294524979765,20,-0.8660254037844386,0.5000000000000001,2.0
2020-07-16 20:32:00,1.8287127178421527,0.6685282055360038,-0.7842624244265448,0.10559350760409038,0.15900199227750017,0.07905766170667805,2.3290046738430408,0.6303075115673894,20,-0.8660254037844386,0.5000000000000001,2.0
2020-07-16 20:33:00,0.5533163253145452,0.9504525447593454,-0.4447911058181731,0.11286959912830981,-0.04452287730051619,0.1433273250869273,1.9695622737284917,0.6917542142361643,20,-0.8660254037844386,0.5000000000000001,2.0
2020-07-16 20:34:00,-0.5979967835842428,0.2503203500100634,-0.3799169256314497,0.03127038874286705,-0.6288905939428172,0.2419004399145192,1.6197394198505868,0.21935140732382438,20,-0.8660254037844386,0.5000000000000001,2.0
2020-07-16 20:35:00,-0.26378902313487906,0.2136096669815179,-0.4606655393715427,0.044692197999662425,-0.9200782838511237,0.17729804480362812,1.653484306788892,0.022895064851066318,20,-0.8660254037844386,0.5000000000000001,2.0
2020-07-16 20:48:00,-1.008650585847825,0.08098873005835973,-0.918484185952813,0.07617932747889028,0.17218206666282437,0.07072275368820342,1.7465759726447774,0.6952199702124605,20,-0.8660254037844386,0.5000000000000001,2.0
2020-07-16 20:49:00,-0.6054908069228789,0.2662673257163738,-0.8939553794820004,0.06228119398114131,0.2175460436169602,0.04919459790468648,1.6857201865253326,0.46449233774342646,20,-0.8660254037844386,0.5000000000000001,2.0
2020-07-16 20:50:00,-0.3722422487412162,0.1519897137872617,-0.9137233438338127,0.05584311915581782,0.09417441710317771,0.11808207731953527,1.6719465616237987,0.36724634143132484,20,-0.8660254037844386,0.5000000000000001,2.0
2020-07-16 20:51:00,-0.5911797903914647,0.07998898115090955,-0.9679713470733167,0.018939491286560733,-0.10260715860327801,0.07757641306510588,1.5714647068906593,0.4547260749732329,20,-0.8660254037844386,0.5000000000000001,2.0
2020-07-16 20:52:00,-1.000456186496232,0.08984950262598304,-1.0080845094377393,0.01665882706950298,0.24497898913990065,0.14759804416058075,1.2444023901200387,0.17194475206469714,20,-0.8660254037844386,0.5000000000000001,2.0
2020-07-17 13:57:00,-0.11528596252097086,0.28383041526948494,-0.9897052108546388,0.01642022586568411,-1.8750206500714692,0.09846321017759142,1.7332379351612954,0.5466457187417658,13,-0.2588190451025208,-0.9659258262890683,2.0
2020-07-17 13:58:00,-0.8021447184275569,0.26162457477689355,-0.9800161800721285,0.023740082383523067,-1.9706528177045126,0.11519870139195391,1.7725336839109793,0.651167119076369,13,-0.2588190451025208,-0.9659258262890683,2.0
2020-07-17 13:59:00,0.9919501492957452,0.5890404392813635,-1.0211910627974963,0.01693450878588662,-1.850193068089813,0.06968237099179479,1.6779738278474994,0.5187447586553592,13,-0.2588190451025208,-0.9659258262890683,2.0
2020-07-17 14:00:00,1.2168058682554774,0.2118504526591839,-1.0807956814036765,0.015138999235011162,-1.6475877385851916,0.03443002163245918,1.4123182059936197,0.34150072304940426,14,-0.4999999999999998,-0.8660254037844388,2.0
2020-07-17 14:01:00,0.8741002121822398,0.20673528800125027,-0.9169003680894509,0.14675302213603397,-1.724522591392544,0.12336938959154055,1.3567826162990637,0.27615381548929124,14,-0.4999999999999998,-0.8660254037844388,2.0
2020-07-17 14:02:00,0.04017416648830675,0.1409455905380723,-0.35713803646300385,0.1007505908334668,-2.516859621300936,0.23774934513776688,1.8732519606111482,0.5582527919304486,14,-0.4999999999999998,-0.8660254037844388,2.0
2020-07-17 14:03:00,0.16295008155960736,0.1841420032505311,-0.19434293831675553,0.09587970786003679,-2.593181447392692,0.15315427977027435,1.9351943290642983,0.470775185960778,14,-0.4999999999999998,-0.8660254037844388,2.0
2020-07-17 14:14:00,3.743132184591407,1.1226414851366735,-0.6871392832292721,0.0383602582545758,-0.4025304792088337,0.05567432173365949,1.6563575914842288,0.3476425543877822,14,-0.4999999999999998,-0.8660254037844388,2.0
2020-07-17 14:15:00,2.5527030753689903,2.115705641505443,-0.8143559229066475,0.04588193443710032,-0.5574729815758324,0.06088384598744775,1.6820457762928753,0.44988167681562014,14,-0.4999999999999998,-0.8660254037844388,2.0
2020-07-17 14:16:00,-0.9334535479233793,0.14841192470933431,-0.8544388881586523,0.01541803313435988,-0.6593886730437389,0.015054319812878622,1.3111258634291842,0.2846372557900338,14,-0.4999999999999998,-0.8660254037844388,2.0
2020-07-17 14:17:00,-0.628288046144618,0.25157418955197985,-0.7190129558749145,0.09373123089227567,-0.6462085986584156,0.012186839069825792,1.6126091088193597,0.44173145910353967,14,-0.4999999999999998,-0.8660254037844388,2.0
2020-07-17 14:18:00,0.3757359872293868,0.19593067237660078,-0.4443749004425437,0.05801276966167127,-0.6465151120162147,0.01728652890437337,1.6062181220422356,0.627536323091678,14,-0.4999999999999998,-0.8660254037844388,2.0
2020-07-17 14:19:00,-0.5517486208620054,0.2836341860095373,-0.38651374605717204,0.10934487845696433,-0.7602315677593535,0.05344404235172201,1.845261268340684,0.7749714876149041,14,-0.4999999999999998,-0.8660254037844388,2.0
2020-07-17 14:20:00,-0.38607467499710996,0.13749207241210523,-0.3806999225081873,0.1038853896618804,-0.7964001439795435,0.02074890927487891,2.12691210743159,0.8539438105894318,14,-0.4999999999999998,-0.8660254037844388,2.0
2020-07-17 14:21:00,-0.4020899398267187,0.12116574607203494,-0.4356676389143563,0.11426401705006131,-0.8328752335575309,0.031234912142690235,1.7673234147652495,0.7228745676892678,14,-0.4999999999999998,-0.8660254037844388,2.0
2020-07-17 14:22:00,-0.8691707028675082,0.0869044943759764,-0.59351623096046,0.06407774624653745,-0.7346377023832023,0.03084691866623659,1.6446645500967472,0.45292401841560187,14,-0.4999999999999998,-0.8660254037844388,2.0
2020-07-17 14:23:00,-1.1297806172886773,0.08168820888445706,-0.6681401762742125,0.03411777213587681,-0.6878944153189741,0.0602547316937705,1.679051134674905,0.6473512643861628,14,-0.4999999999999998,-0.8660254037844388,2.0
2020-07-17 14:24:00,-0.17429264161256855,0.3958950357066593,-0.6242735817794313,0.05616146576283657,-0.4849825724565541,0.05651969118457233,1.656669313788495,0.43316654562651213,14,-0.4999999999999998,-0.8660254037844388,2.0
2020-07-17 14:25:00,-0.2104203709475824,0.2580823779709626,-0.6907086983544299,0.05199384199053024,-0.25617035086018486,0.06910174993706451,1.775827856757173,0.2830197053905806,14,-0.4999999999999998,-0.8660254037844388,2.0
2020-07-17 14:26:00,-0.5211888808299968,0.1392400041414693,-0.7900849869064899,0.05014551638509619,-0.15256883592438794,0.051917330397318606,1.8161545112193758,0.5146502828259529,14,-0.4999999999999998,-0.8660254037844388,2.0
2020-07-17 14:27:00,-0.4515364863414582,0.24355436554660911,-0.8335942381798322,0.01904101835052972,-0.33249217695194105,0.058149950915233964,1.89269434219108,0.5834764195635176,14,-0.4999999999999998,-0.8660254037844388,2.0
2020-07-17 14:28:00,-0.6918471693204338,0.1736530964209787,-0.8625808002980367,0.018221495834803928,-0.5386224100712421,0.08426517913296436,1.7025371423786615,0.5100180375942133,14,-0.4999999999999998,-0.8660254037844388,2.0
2020-07-17 14:29:00,-0.3957398639759117,0.09575568037214731,-0.9315203544550564,0.022520384679008625,-0.7427603063648547,0.04281890037441419,1.7264459200940425,0.5192073852347079,14,-0.4999999999999998,-0.8660254037844388,2.0
2020-07-17 15:10:00,-0.059862874029001326,0.22632138660497367,-0.8041297588804077,0.13448721973918237,-0.8364001371722103,0.13902058273234746,1.6435281076727548,0.41420190208951047,15,-0.7071067811865471,-0.7071067811865479,0.0
2020-07-17 15:11:00,-0.7062749151873409,0.3570489996000884,-0.23676613228695303,0.0859876760689713,-0.37678335715378336,0.07820771530140089,1.727072614979093,0.18355406295298868,15,-0.7071067811865471,-0.7071067811865479,0.0
2020-07-17 15:12:00,-1.4418098039944138,0.23668327084806837,-0.038700134257653326,0.11262319191823149,-0.014484568236290785,0.2925273604804382,1.7068416377409628,0.2991990896642313,15,-0.7071067811865471,-0.7071067811865479,0.0
2020-07-17 15:13:00,-0.6564198159983766,0.10618615295261873,-0.006452264081403616,0.15695428740568082,0.32176058526835316,0.0756583587646115,1.4599689588398508,0.3275405680383845,15,-0.7071067811865471,-0.7071067811865479,0.0
2020-07-17 15:14:00,-0.4454782338293832,0.036370859425532066,-0.5165956075686765,0.11030184210032418,-0.09693666148401126,0.14582882936118954,1.4751945803593267,0.23613131587198696,15,-0.7071067811865471,-0.7071067811865479,0.0
2020-07-17 15:15:00,-0.48497944096013806,0.03349702392477735,-0.778315908238975,0.05101783506427551,-0.4457488626583827,0.0748074867435333,1.5050190080489478,0.24463305709084363,15,-0.7071067811865471,-0.7071067811865479,0.0
2020-07-17 15:16:00,-0.28557071713783083,0.21876669916701594,-0.9064241977111783,0.03224194904543147,-0.6629135766584198,0.057656440736098206,1.3729342418287425,0.2900300881945339,15,-0.7071067811865471,-0.7071067811865479,0.0
2020-07-17 15:17:00,-0.39147924323042543,0.36483973955949894,-0.9488504650150902,0.04652860139246111,-0.7861319464933033,0.014965863225237762,1.713528077653987,0.25238588185226923,15,-0.7071067811865471,-0.7071067811865479,0.0
2020-07-17 15:18:00,-0.8936021527861459,0.2801800417955376,-0.9082037130863405,0.026510435827434273,-0.8129518653006472,0.01534191933577751,1.764814298688131,0.2558648088717396,15,-0.7071067811865471,-0.7071067811865479,0.0
2020-07-17 15:19:00,-0.1164065641417015,0.22926444998774737,-0.9124307588114765,0.020686819010672448,-0.7211511146400809,0.08934167703992293,1.831190962964929,0.5501219044255523,15,-0.7071067811865471,-0.7071067811865479,0.0
2020-07-17 15:20:00,-1.0813379430591759,0.13939477527536548,-0.5045317722976517,0.36023188886524843,-0.2621473613372498,0.22705312821250156,1.8239608000845737,0.5897894167503417,15,-0.7071067811865471,-0.7071067811865479,0.0
2020-07-17 15:21:00,-0.9867288166422817,0.12029667405081491,-0.2245866164897881,0.1638100101850745,0.10582192469950917,0.0585928021136927,1.5882815014677976,0.43330009294952015,15,-0.7071067811865471,-0.7071067811865479,0.0
2020-07-17 15:22:00,-0.6842247437127557,0.26567344827681155,-0.40786058887658605,0.07021615862377875,0.08681809651601978,0.04452758438441343,1.604191294325069,0.40216155506912266,15,-0.7071067811865471,-0.7071067811865479,0.0
2020-07-17 15:23:00,0.11086545206273117,0.19477507307058967,-0.41092852817021186,0.08350653177679557,0.21202880317659153,0.10465567200785113,1.4410325135339004,0.18247132391138549,15,-0.7071067811865471,-0.7071067811865479,0.0
2020-07-17 15:24:00,-0.538861702223603,0.058873467492841745,-0.33176234270540567,0.09131553517627819,0.48896362194728116,0.09142584337915138,1.3602384563146406,0.2017681568092734,15,-0.7071067811865471,-0.7071067811865479,0.0
2020-07-17 15:25:00,-0.4868587832615719,0.031701584729062995,-0.2681207439941973,0.08159992279383874,0.7746340714152197,0.09816957079034053,1.3451074155555414,0.1948124261740378,15,-0.7071067811865471,-0.7071067811865479,0.0
2020-07-17 15:26:00,-0.43409712361883757,0.06759705215205365,-0.2535747382559094,0.09118304524552269,0.9412240813785506,0.08614068935471345,1.7038424537388306,0.2752522281517275,15,-0.7071067811865471,-0.7071067811865479,0.0
2020-07-17 15:27:00,-0.5906661813152965,0.03683172249675487,-0.2442159100633576,0.08153921460040368,1.049270040002423,0.15694241100005507,1.7041251197661336,0.34824403663109066,15,-0.7071067811865471,-0.7071067811865479,0.0
2020-07-17 15:28:00,-0.4939909456601803,0.15501616368956478,-0.25962820676315324,0.05555092622677893,1.3838293700391768,0.09841164475636047,1.9602139758024912,0.75562257716374,15,-0.7071067811865471,-0.7071067811865479,0.0
2020-07-17 15:29:00,-0.9723127437089241,0.11678784632596877,-0.40415291816433035,0.03988156914992467,0.7383122385161317,0.298861708119452,1.57619198228225,0.535320128388827,15,-0.7071067811865471,-0.7071067811865479,0.0
2020-07-17 15:30:00,-0.9247455394956182,0.12632607799516377,-0.49233841117806565,0.03509220258598318,0.27241193466284064,0.06129640999774119,1.5683971201195601,0.6219272834035919,15,-0.7071067811865471,-0.7071067811865479,0.0
2020-07-17 15:31:00,-1.028506245815146,0.08876897536187492,-0.43710688599542075,0.11370671879763007,0.03302500222243291,0.09708602107113488,1.5129081649921794,0.3328102800874371,15,-0.7071067811865471,-0.7071067811865479,0.0
2020-07-17 15:32:00,-0.6246694367443418,0.0738781418678238,-0.628944328952067,0.04430468065317581,-0.2627603880528469,0.10099396277912344,1.8279538304891847,0.6444724375872531,15,-0.7071067811865471,-0.7071067811865479,0.0
2020-07-17 15:33:00,-0.7624800902271119,0.04344002988690614,-0.7298454751607774,0.04025529178632484,-0.1301933608051175,0.12018404956064827,1.4178218354092236,0.30259300032634323,15,-0.7071067811865471,-0.7071067811865479,0.0
2020-07-17 19:58:00,0.5175854757202067,0.0894371199412031,1.81571991518295,0.07148155031527278,-1.4927984928970919,0.04522223867587621,1.5246546235451603,0.3113444907389869,19,-0.9659258262890684,0.2588190451025203,0.0
2020-07-17 19:59:00,0.9017300458933797,0.09910503932482222,1.6803359126086312,0.09465634722209128,-1.3229900926768798,0.07088604757488069,1.5851869208073432,0.3064530745174896,19,-0.9659258262890684,0.2588190451025203,0.0
2020-07-17 20:00:00,0.8787460397348522,0.02143961703652054,1.769184226877691,0.2598740219210127,-1.2028368564199785,0.033730827081054356,1.548647838556513,0.31168110952058103,20,-0.8660254037844386,0.5000000000000001,0.0
2020-07-17 20:01:00,0.5713159888475311,0.37997991754656063,1.5024889802798602,0.3090291184410974,-1.0759403262915164,0.02014203056828776,1.8186506061543,0.6764295186299578,20,-0.8660254037844386,0.5000000000000001,0.0
2020-07-17 20:02:00,-0.43158744290574297,0.2028858312522245,0.5019694334031194,0.26788183256260806,-0.956093603392414,0.14206518373295876,2.4986039388846155,0.9414548533962391,20,-0.8660254037844386,0.5000000000000001,0.0
2020-07-17 20:03:00,1.1998450958083775,0.5580423294705026,0.20915530702666954,0.29807278503650075,-0.4394653388235189,0.2673265563077583,1.802832155183634,0.4417195334599496,20,-0.8660254037844386,0.5000000000000001,0.0
2020-07-17 20:04:00,1.1366711794396875,0.3494650377965026,0.5335894349837456,0.17750985489607315,0.14428935110318594,0.09255814929083145,1.7848929727841276,0.4142386909111813,20,-0.8660254037844386,0.5000000000000001,0.0
2020-07-17 20:05:00,0.9524139233643425,0.12754160159422215,0.3051074498600835,0.11960263989545693,0.5461283631766487,0.11860838791731808,1.8713236356020428,0.30131307494551657,20,-0.8660254037844386,0.5000000000000001,0.0
2020-07-17 20:06:00,1.017934099376437,0.04200459882885312,0.6633279609957206,0.24751207251719537,0.904748991800563,0.10119898345190913,1.885406126911966,0.3797247020461945,20,-0.8660254037844386,0.5000000000000001,0.0
2020-07-17 20:07:00,1.021039099700545,0.06617850403879821,0.8840396239263673,0.33715047944000565,1.0454386230299446,0.04935960249640292,1.489991098744415,0.5869085508802075,20,-0.8660254037844386,0.5000000000000001,0.0
2020-07-17 20:08:00,0.911383561938632,0.05531727665535835,1.4025732036914889,0.5004403863218336,0.8912624040574411,0.12463457094160779,1.1664582148139329,0.6180214098040967,20,-0.8660254037844386,0.5000000000000001,0.0
2020-07-17 20:09:00,2.3909278893095536,0.6286510225671609,1.6240115644988722,0.6586157853699424,0.9925650688097526,0.08700051670396017,1.2684513461139655,0.6439251961333597,20,-0.8660254037844386,0.5000000000000001,0.0
2020-07-17 20:10:00,1.5018238867281861,0.679468437378288,0.8309477028109197,0.13597164275292717,1.101837080864817,0.02826816000171506,1.3516070132028661,0.6942780411474391,20,-0.8660254037844386,0.5000000000000001,0.0
2020-07-17 20:11:00,0.6359957136440776,0.03654132183272918,0.8379131348376769,0.08683017133791185,1.1416838173785848,0.06595745652086268,1.3355947802439125,0.6868307534984345,20,-0.8660254037844386,0.5000000000000001,0.0
2020-07-17 20:12:00,0.5892572877127705,0.029554128931321734,0.8526695842677253,0.13324433473942854,1.2532546796171353,0.03676690524732452,1.330256739443159,0.7078725517064947,20,-0.8660254037844386,0.5000000000000001,0.0
2020-07-17 20:13:00,0.655279399867484,0.02052412825485702,1.1462150200535541,0.2790308034691374,1.1619136989932675,0.030380587132346547,1.368081717964337,0.5935893376391348,20,-0.8660254037844386,0.5000000000000001,0.0
2020-07-17 20:14:00,0.5677790899820999,0.03374686105386868,1.318635447016954,0.14736526155867757,1.098618690607936,0.06669283278170135,1.5280132988268187,0.7358882656308583,20,-0.8660254037844386,0.5000000000000001,0.0
2020-07-17 20:15:00,0.7047376193157727,0.13491744977563358,1.4377501738553506,0.1743753779630384,0.8658217953601902,0.07591572301251992,1.639642708115825,0.7107726504995587,20,-0.8660254037844386,0.5000000000000001,0.0
2020-07-17 20:16:00,0.9647405411923795,0.09891746452781544,1.012516521935464,0.3018663176776951,1.256779583231815,0.129065454545456,1.6900797007080717,0.7166537216948169,20,-0.8660254037844386,0.5000000000000001,0.0
2020-07-17 20:17:00,0.46671483131245545,0.09977018739867143,2.1795588419171232,0.3345598266517522,1.0750171620574727,0.04277469758588317,1.790930466516895,0.5669789083642981,20,-0.8660254037844386,0.5000000000000001,0.0
2020-07-17 20:18:00,1.0150158659891177,0.0811080622252349,3.0625070454103596,0.24938836404856313,1.0481972432501294,0.02083029559012814,1.6596642708232043,0.5525589067951754,20,-0.8660254037844386,0.5000000000000001,0.0
2020-07-17 20:19:00,1.0745828458910807,0.018955195837555096,3.143075620932718,0.22462738897274162,1.0195382442959957,0.04754147651957032,1.6561107361155993,0.4925306188770721,20,-0.8660254037844386,0.5000000000000001,0.0
2020-07-17 20:20:00,0.24068014606424618,0.5318804349657393,2.6975815205521037,0.23641303487960694,0.7003045821491524,0.3721631158526584,1.8327589374318285,0.5686519920501267,20,-0.8660254037844386,0.5000000000000001,0.0
2020-07-17 20:21:00,-0.9788145676958716,0.13168096146095326,2.0632937618826763,0.23460285646048118,-0.5970132047318025,0.3443281651819977,1.7347601416169658,0.59829633936845,20,-0.8660254037844386,0.5000000000000001,0.0
2020-07-17 20:23:00,1.0100081774964775,0.2943450004100055,2.7527806240557537,0.39435400522071584,-0.7482775468052231,0.1183072446741131,1.8475731425401527,0.5276808834310046,20,-0.8660254037844386,0.5000000000000001,2.0
2020-07-17 20:24:00,-0.12154265490338355,0.18848448889045263,2.7027858955908326,0.21256982307990321,-0.7039863666033804,0.08221772985586433,1.6930506798572005,0.46823651687216605,20,-0.8660254037844386,0.5000000000000001,2.0
2020-07-17 20:25:00,-0.1928682246698237,0.03530813772171708,3.217741751448261,0.20524201263392777,-0.22130701258207955,0.23949248064712614,1.6689219024868327,0.16093025351359572,20,-0.8660254037844386,0.5000000000000001,2.0
2020-07-20 14:50:00,0.3901870789633922,0.1805780161363768,-0.25055718723373516,0.059904188902898094,-0.10199413188768204,0.029028969840872765,1.5647348851590004,0.2886994989554293,14,-0.4999999999999998,-0.8660254037844388,2.0
2020-07-20 14:51:00,-0.2669173693260854,0.04063614909274168,-0.1159874189245401,0.06446299686287696,-0.2673580884198193,0.047063805411166726,1.7149525096779608,0.3739932590740269,14,-0.4999999999999998,-0.8660254037844388,2.0
2020-07-20 14:52:00,-0.3856311035222374,0.16895587056680156,-0.024625519079636737,0.12055597954037818,-0.32007838596111277,0.12854411662630194,1.7871520517833006,0.5303514658390911,14,-0.4999999999999998,-0.8660254037844388,2.0
2020-07-20 14:53:00,0.4609133833384646,0.22065295407287927,0.04841431574526056,0.23135714955463516,-0.3343312570987297,0.04911116996831473,1.9465243788015762,0.6958915660900038,14,-0.4999999999999998,-0.8660254037844388,2.0
2020-07-20 14:54:00,0.35561184979043237,0.15814733169542702,-0.1505055512167553,0.13002591375316683,-0.6305764174107075,0.13776205631290037,2.1014925140631275,0.771390373202197,14,-0.4999999999999998,-0.8660254037844388,2.0
2020-07-20 14:55:00,-0.1500596315642684,0.4961206940847399,-0.10053004870636127,0.14249842940717067,-0.6926453723648466,0.055596390675774245,1.6636180994509717,0.6538195401866826,14,-0.4999999999999998,-0.8660254037844388,2.0
2020-07-20 14:56:00,-1.0122691952481009,0.11734151760732187,0.11575109266468328,0.09720749453471071,-1.1844460549520859,0.18810536632049257,1.3372205223466251,0.226930015896378,14,-0.4999999999999998,-0.8660254037844388,2.0
2020-07-20 14:57:00,-0.2079106902344877,0.25544742807164356,0.21391084052088394,0.15437617978154333,-1.4134115332273542,0.06373231459284213,1.3379630105194293,0.2297175846957157,14,-0.4999999999999998,-0.8660254037844388,2.0
2020-07-20 14:58:00,0.4374974786386138,0.11874348108032576,-0.16245620783300374,0.07002366796262822,-1.3760169035759722,0.06450053713669633,1.5149372751989119,0.11611601096411434,14,-0.4999999999999998,-0.8660254037844388,2.0
2020-07-20 14:59:00,0.035586703603440725,0.11601336401238672,-0.0030019000378054403,0.16241281202615956,-0.9783158218327849,0.2853364607036692,1.457909554755206,0.5328415738022548,14,-0.4999999999999998,-0.8660254037844388,2.0
2020-07-20 15:00:00,0.13324246567669615,0.043862549498838534,0.1176239188024943,0.09507425645832704,-0.31241555201615767,0.1848731634881007,1.6305425383682048,0.3816109135179819,15,-0.7071067811865471,-0.7071067811865479,2.0
2020-07-20 15:01:00,-0.06066830644390142,0.1579232337188722,0.1407959066570979,0.11431946072660529,0.07930851924996321,0.04803935037188953,1.637809317798798,0.40043520870932203,15,-0.7071067811865471,-0.7071067811865479,2.0
2020-07-20 15:02:00,-0.7366245424154623,0.13479277190905065,-0.02006640163835506,0.11344592903736367,-0.018162728529869315,0.2057784103068884,1.8535045142765172,0.5760709892941713,15,-0.7071067811865471,-0.7071067811865479,2.0
2020-07-20 15:03:00,-0.5242121706192598,0.16686960210377255,-0.22469592666618524,0.08152980863924504,0.44850385871791626,0.13029408855068814,1.6481357997181751,0.5418271177179004,15,-0.7071067811865471,-0.7071067811865479,2.0
2020-07-20 15:04:00,0.4439526108913644,0.5029928829139668,-0.10474901122677303,0.1455706807388735,0.41064945902983657,0.06216059196685802,1.6884120980489878,0.5174795576956444,15,-0.7071067811865471,-0.7071067811865479,2.0
2020-07-20 15:05:00,1.4642020218988647,0.2513335895378846,-0.13433384386780564,0.12402410602510042,0.3013774469747722,0.08339264867759215,1.7446537442353924,0.5126544452514086,15,-0.7071067811865471,-0.7071067811865479,2.0
2020-07-20 15:06:00,1.1949541366512302,0.35496360383099074,-0.17261188128885557,0.07833220777930912,-0.15701327961246142,0.15338058862381904,1.8393949747869562,0.6078304579384401,15,-0.7071067811865471,-0.7071067811865479,2.0
2020-07-20 15:07:00,0.5095078057041067,0.8024361267487642,-0.17351891766917377,0.053466616215050125,-0.3620707159794689,0.022552843160270213,1.7692981806790762,0.5383488534050342,15,-0.7071067811865471,-0.7071067811865479,2.0
2020-07-20 15:08:00,-0.42513231065299256,0.18923191279194973,-0.28209169161200315,0.12730077752229316,-0.25693663425467966,0.04620309832841842,1.7995873010978396,0.5550083219100792,15,-0.7071067811865471,-0.7071067811865479,2.0
2020-07-20 15:09:00,-0.6173971991431421,0.19401353718030384,-0.12838779189764146,0.059588646623271034,-0.16605542366750922,0.02884706497394678,1.6047204238435409,0.48268787662132867,15,-0.7071067811865471,-0.7071067811865479,2.0
2020-07-20 15:10:00,-0.30485440336123726,0.21017386653713338,-0.22396343296619758,0.08123459896130376,-0.07502095640143862,0.06183974408978358,1.6499827718338287,0.4625008489163207,15,-0.7071067811865471,-0.7071067811865479,2.0
2020-07-20 15:11:00,-0.19658794469168858,0.06722384431201668,-0.442941436928165,0.052014097965923385,-0.6785457579061285,0.3908317615736314,1.3185343844482917,0.33263048552496455,15,-0.7071067811865471,-0.7071067811865479,2.0
2020-07-20 15:12:00,-0.630645978721572,0.18032973269322206,-0.4958258191577952,0.025577240964933773,-0.3669749297042403,0.14484671658549983,1.6720567965107695,0.48319043703220876,15,-0.7071067811865471,-0.7071067811865479,2.0
2020-07-20 15:13:00,0.6939868475168881,0.5034179075545862,-0.1146833510327178,0.30442836181386207,-0.1697335839610884,0.039471717692526435,1.8772668806048296,0.6890222585270128,15,-0.7071067811865471,-0.7071067811865479,2.0
2020-07-20 15:14:00,1.1801295110436478,0.17197972702670225,1.8956660640246163,1.0975285404994515,-0.22628529847485826,0.07838239953621313,2.105931016899627,0.8222202058372106,15,-0.7071067811865471,-0.7071067811865479,2.0
2020-07-20 15:15:00,2.4599032536522345,0.4861867727095584,1.4208716426500745,0.26517660207118715,-0.799465277557525,0.1789280706412243,2.0048695718918306,0.7025392962397229,15,-0.7071067811865471,-0.7071067811865479,2.0
2020-07-20 15:16:00,2.214713284449661,0.6430009643377781,0.783868232075331,0.49594921003287235,-0.8439097144382667,0.08579407173637572,1.8959941517904768,0.6013544894850216,15,-0.7071067811865471,-0.7071067811865479,2.0
2020-07-20 15:17:00,0.9153873781460343,0.052078150278746876,0.25747499507786936,0.1708879318986854,-1.4232199606768967,0.11196110719334633,1.8905968960399393,0.43159751697055876,15,-0.7071067811865471,-0.7071067811865479,2.0
2020-07-20 15:18:00,1.311263246536231,0.15296150572721795,1.096167373868546,0.5339332402098628,-1.1550207726034567,0.08292765431369137,1.9618951314170798,0.5201747720614952,15,-0.7071067811865471,-0.7071067811865479,2.0
2020-07-20 15:19:00,1.3625190977511084,0.11282178241354501,2.214897182017908,0.19475753788149144,-0.8422238909703766,0.10632409850811043,1.6737387938885055,0.44580245404167096,15,-0.7071067811865471,-0.7071067811865479,2.0
2020-07-20 15:20:00,1.0286265065075753,0.044625157781308544,2.1347934658386607,0.4425761284054341,-0.7179327243831992,0.12271927035025426,1.7489961307057216,0.6026179742561292,15,-0.7071067811865471,-0.7071067811865479,2.0
2020-07-20 15:21:00,1.043509496782904,0.25043517902996065,2.220853298160141,0.3680451844618276,-0.6970898160529203,0.18865923645254642,1.7225726009813171,0.6144910876879127,15,-0.7071067811865471,-0.7071067811865479,2.0
2020-07-20 15:22:00,-0.48422070027943515,0.386657047932229,2.573431102717161,0.47639695946295463,0.040228066130691215,0.19672315076679087,1.8232558981110538,0.6603657134591743,15,-0.7071067811865471,-0.7071067811865479,2.0
2020-07-20 15:23:00,-0.6175022555450854,0.06137397369049178,0.9355659909926146,0.2994772919811453,0.0011476130114186675,0.18323298953572748,1.9039074911969502,0.6430498782644866,15,-0.7071067811865471,-0.7071067811865479,2.0
2020-07-20 15:24:00,-0.3061734448523056,0.26220451208720125,1.0627684222468259,0.15142972911643127,-0.15931212979594858,0.09535135096319201,1.7973745682135074,0.33698796185368646,15,-0.7071067811865471,-0.7071067811865479,2.0
2020-07-20 15:25:00,0.0487420997134765,0.06942306686243027,0.6980699563864781,0.08790297144664896,0.35087935425918443,0.1860950071016279,1.4361875237493946,0.19701890246007747,15,-0.7071067811865471,-0.7071067811865479,2.0
2020-07-20 15:26:00,0.600883529527851,0.1051856989528244,0.9743260959742626,0.13034411301690513,0.9706493637271792,0.16235695479805498,1.5284327735981305,0.3557989975599541,15,-0.7071067811865471,-0.7071067811865479,2.0
2020-07-20 15:27:00,0.13104795416943207,0.24300585447840795,1.083214830378332,0.0868949033802406,1.541990262663057,0.1601488099962154,1.4793236816917097,0.16105999556302636,15,-0.7071067811865471,-0.7071067811865479,2.0
2020-07-20 15:28:00,-0.0069027745159293925,0.19803526628121035,0.6348161446725004,0.37386766410272493,1.8492699038557698,0.05976031770690458,1.6118329945343477,0.31346597306022245,15,-0.7071067811865471,-0.7071067811865479,2.0
2020-07-20 15:29:00,0.04145818917872728,0.23467973333143102,0.11691768172922491,0.07875841207272649,1.54827378649792,0.10441952164413,1.874322217096317,0.49412687516371123,15,-0.7071067811865471,-0.7071067811865479,2.0
2020-07-20 15:30:00,-0.43435392815692175,0.12051039365487555,0.20614674159882965,0.11280395099738594,1.1548638917639076,0.1532518359434813,1.9667729352492052,0.816956377824755,15,-0.7071067811865471,-0.7071067811865479,2.0
2020-07-20 15:31:00,-0.9020300108087244,0.16334738448427985,0.26441706302728646,0.4102132660159575,0.9216072264794648,0.033592599710588034,1.7564824259464935,0.53484816757789,15,-0.7071067811865471,-0.7071067811865479,2.0
2020-07-20 15:32:00,-0.6157746613797924,0.10558908842862737,0.5925955455961478,0.2702620379838771,0.8065114606262342,0.07515271279549067,1.9758807291947786,0.8935467960194592,15,-0.7071067811865471,-0.7071067811865479,2.0
2020-07-20 15:33:00,-0.30777263674855665,0.47686687634375974,1.5143769598860115,0.5755803515715098,0.6843658875436446,0.06781811316091663,1.863995287721192,0.4133499109661345,15,-0.7071067811865471,-0.7071067811865479,2.0
2020-07-20 15:34:00,1.4654276799215389,0.3803981785807631,3.100757194549454,0.35804463640936424,0.7948639530299018,0.044717174133502104,1.8881368562239893,0.4959350324324965,15,-0.7071067811865471,-0.7071067811865479,2.0
2020-07-20 15:35:00,3.859814828349985,0.895433470318024,1.4032198692618592,0.5217773339224584,0.5422969462041711,0.13337641580741932,1.870183511879154,0.43774004204987255,15,-0.7071067811865471,-0.7071067811865479,2.0
2020-07-20 15:36:00,3.7042613158723134,1.1628842927681207,1.4288875772165122,0.27648025388145164,-0.12099796007117078,0.22500531876875343,1.9045759192637228,0.5809846301228028,15,-0.7071067811865471,-0.7071067811865479,2.0
2020-07-20 15:37:00,0.8446727467045112,0.21322126784702777,1.1409127012705451,0.2563148964837976,-0.18383319841980642,0.08902442147858178,1.7192267778198667,0.5987296210277799,15,-0.7071067811865471,-0.7071067811865479,2.0
2020-07-20 15:38:00,0.15041335092768343,0.37045969868472667,1.6201611231873272,0.19215716603389943,-0.3064385415390927,0.06193087983125333,1.6206986385101476,0.261188077695641,15,-0.7071067811865471,-0.7071067811865479,2.0
2020-07-20 15:39:00,-0.36122299947069825,0.10547733110432246,1.6875880440793751,0.23044052320685807,-0.22812437862164783,0.13000564408239282,1.7201107929633532,0.17649419415539422,15,-0.7071067811865471,-0.7071067811865479,2.0
2020-07-20 15:40:00,-0.4302567284811253,0.12241381011315716,1.4351361824977,0.386708614738751,0.07624338567198198,0.24275542356573904,1.5687262654223368,0.35671628540276584,15,-0.7071067811865471,-0.7071067811865479,2.0
2020-07-20 15:41:00,0.015054013490261567,0.09054112924997208,1.386452177239484,0.18608985315602325,0.3813774333601072,0.04753554452493282,1.553036370027445,0.2852202193045468,15,-0.7071067811865471,-0.7071067811865479,2.0
2020-07-20 15:42:00,-0.3752538655969298,0.1370698640670836,1.2547017100109683,0.12621040242359513,0.47011305044269097,0.09725144359359092,2.0612773561944837,0.31870684692465495,15,-0.7071067811865471,-0.7071067811865479,2.0
2020-07-20 15:43:00,-0.5472545414455335,0.12249408651594194,0.9353889924030397,0.13213123436830473,0.8138677812133918,0.09153886991232453,1.6949999353605523,0.46614074586959353,15,-0.7071067811865471,-0.7071067811865479,2.0
2020-07-20 15:44:00,-0.6114323300994611,0.1400853259862049,0.9573890381382671,0.15683341266279804,0.8247490054152286,0.059773096478463975,1.499100799897316,0.35686444202280587,15,-0.7071067811865471,-0.7071067811865479,2.0
2020-07-20 15:45:00,-0.6245877262094969,0.12003632088758034,0.6878209629755535,0.15880924354522424,0.550572806864723,0.08726590175920779,1.5502020929026343,0.4828923478826651,15,-0.7071067811865471,-0.7071067811865479,2.0
2020-07-20 15:46:00,-0.5585772869883328,0.08411315997091548,0.5444874380331275,0.10819747244596599,0.516396567470222,0.07010265651077655,1.5330979171677426,0.3470216525324682,15,-0.7071067811865471,-0.7071067811865479,2.0
2020-07-20 15:47:00,-0.7976156202104371,0.09575995140884772,0.1804673653941423,0.05678666789717093,0.6658218293968527,0.049555128235518886,1.3590554630166605,0.4089243634045369,15,-0.7071067811865471,-0.7071067811865479,2.0
2020-07-20 19:11:00,-0.4566725771031401,0.02832222740827676,-1.1102489643308258,0.10961034470354167,-1.6377793111356487,0.021318702639037984,1.428559779068084,0.23196617466799224,19,-0.9659258262890684,0.2588190451025203,2.0
2020-07-20 19:12:00,-0.13535173529217878,0.12095735922498446,-0.549906118880329,0.13999316945846285,-1.2668981481998063,0.18411809353453007,1.384156290042837,0.19283609010298547,19,-0.9659258262890684,0.2588190451025203,2.0
2020-07-20 19:13:00,-0.15597780887375215,0.09452918617971759,-0.2890365249489349,0.09232345597080216,-0.7075112702180599,0.13511684866670828,1.5148983027333194,0.33514371247003144,19,-0.9659258262890684,0.2588190451025203,2.0
2020-07-20 19:14:00,-0.3852925884493084,0.14480374896354303,-0.23472458074105151,0.05883776758987349,-0.1720324341445749,0.15540707496531356,1.5487419265184463,0.35714656418701307,19,-0.9659258262890684,0.2588190451025203,2.0
2020-07-20 19:15:00,-0.05332603124140596,0.057939329412265095,-0.4122383980135677,0.030260587294900432,0.24528550249769837,0.1246868825902193,1.5578910073276784,0.2663988980614199,19,-0.9659258262890684,0.2588190451025203,2.0
2020-07-20 19:16:00,-0.17660388245532543,0.07279665453870193,-0.5712772725967419,0.10795090560587574,0.6146340986445505,0.049591155577449204,1.6545421368407507,0.2762635104246206,19,-0.9659258262890684,0.2588190451025203,2.0
2020-07-20 19:17:00,-0.6647893093532086,0.12543866061172948,-0.7314149022845685,0.0688408931479996,0.638542140552812,0.05685031003402724,1.816097984783308,0.5397402640890492,19,-0.9659258262890684,0.2588190451025203,2.0
2020-07-22 19:00:00,-0.744690539498013,0.08643857320293534,-1.0793377982152836,0.04500882773323902,-1.4232199606768978,0.016890475673045743,1.715800771232684,0.44873770807094976,19,-0.9659258262890684,0.2588190451025203,2.0
2020-07-22 19:01:00,-0.3800747871527814,0.25652482389675746,-1.0013796228769838,0.037807061202833885,-1.2908061901080674,0.15317729390053883,1.644136191738364,0.27265749960372676,19,-0.9659258262890684,0.2588190451025203,2.0
2020-07-22 19:02:00,0.03460617718530148,0.0076662265265753544,-0.707306803945012,0.10347364705364347,-0.6954039925850303,0.255727915283927,1.825889415852984,0.33031570482320094,19,-0.9659258262890684,0.2588190451025203,2.0
2020-07-22 19:03:00,0.033042004089698256,0.03237091248490272,-0.3580328346630078,0.07122783529744672,0.24865714943347886,0.19688793165457796,1.5719552869887403,0.329306755848598,19,-0.9659258262890684,0.2588190451025203,2.0
2020-07-22 19:04:00,0.222458696793824,0.05907902831256255,-0.2978324795788464,0.0645322809881883,0.4592318262408546,0.03458223275286783,1.4523844935426724,0.3234615062186926,19,-0.9659258262890684,0.2588190451025203,2.0
2020-07-22 19:05:00,0.20385204071627575,0.0774481219728431,-0.29064530177517867,0.07901164421867836,0.4273544370298408,0.013464818455995987,1.442577416590448,0.2831642764293328,19,-0.9659258262890684,0.2588190451025203,2.0
2020-07-22 19:06:00,0.13454983423421524,0.03948753662323615,-0.4273609847505589,0.14902055616002374,0.5033697497637978,0.051826723376378496,1.603214407846109,0.3559189900468067,19,-0.9659258262890684,0.2588190451025203,2.0
2020-07-22 19:07:00,-0.4241517842348532,0.3824635702781545,-0.7430906318876684,0.08746137511499981,0.15241195508483882,0.16768007034991536,1.6219880324084859,0.13414517134007023,19,-0.9659258262890684,0.2588190451025203,2.0
